,0,1,2,3,4,5,6,7,8,9,10,11,12,13,14,15,16,17,18,19,20,21,22,23,24,25,26,27,28,29,30,31,32,33,34,35,36,37,38,39,40,41,42,43,44,45,46,47,48,49
ts 1.000E-03 mean,6.20901420954948e-06,9.927668200440652e-07,1.136596850885875e-06,6.48521314439324e-06,1.205584214393702e-06,4.414729019903029e-07,2.739277923208969e-06,1.386856249905266e-06,4.6152420787024316e-06,3.5294132367980775e-07,1.2924961279389089e-05,3.934900814325424e-06,6.346945375978273e-07,7.675213521390985e-07,3.042660667032716e-06,1.0270701041279128e-06,3.4722323709730455e-07,3.171196065906541e-06,2.5459269778608874e-06,9.897023187951858e-07,8.600255530949135e-07,5.07614507662522e-07,1.0198991701392146e-05,2.406633059601246e-06,1.4641426729006204e-05,9.595571879666756e-07,4.5957134263928406e-07,1.1489264614117142e-06,2.2600218450121578e-06,1.0234707890233118e-05,2.040584906960936e-06,3.122192868761353e-07,6.554275716671915e-07,9.044599212379273e-07,6.733379919338388e-07,3.7946855673207025e-06,4.395107469609671e-07,1.2643301169647903e-06,4.839811646824188e-07,1.0970560601413921e-06,1.2058207570531593e-06,1.6269373310832992e-06,1.1741051706670262e-06,2.0868291599196597e-06,1.5178595098682684e-06,2.2540993073036743e-06,2.210793386758032e-06,4.92790573658632e-07,1.0527884655347741e-06,2.623084102385908e-06
ts 1.000E-03 slope,-0.7444394408883594,-0.19862266419806712,-0.708434491943183,-0.5048630088152757,-0.06899467735044218,-0.16871765407428316,-1.5183394783903534,-0.43770635110100997,-1.004905730865164,-0.06666601394454028,-0.6160921739939291,-1.0130372489632888,-0.49978958705337506,-0.44141247897291175,-1.4401163682042288,-0.19278856041680942,-0.07512028291515059,-1.3150585909544885,-1.1166691124085817,-0.5537289397169224,-0.14236369029191193,-0.039426449520211834,-1.5061345794953849,-0.7677593561879278,-0.8189683895893461,-0.08935721122432609,-0.1574674272651623,-0.26063059318757836,-1.4237919899192544,-1.13401527462502,-0.5090158417071153,-0.03871412612994098,-0.15022236441165823,-0.2983018040472923,-0.30479222996335004,-0.9026742155345171,-0.23686167754716528,-0.1469402953482676,-0.09037302480984359,-0.3729989314469724,-0.24018043714140996,-1.1681556919093576,-0.3969857999152117,-0.8866560508403161,-0.5260308943286377,-0.39768453729266945,-0.2639910072930653,-0.03525998237865961,-0.21567532387330404,-1.0597110028403818
ts 1.000E-03 std,0.00028782560932324547,0.00035007355393319,0.0005198155086740665,0.0006048590287385936,6.021507502989346e-06,2.182916006690226e-05,0.002927626359257406,0.0002231929246496136,0.0010482236203423845,6.2730875543867795e-06,0.0002647895314306747,0.001504899284216438,0.00010387039748276325,0.0001231660823070611,0.002978896617193467,9.992102625834367e-06,5.505347572383094e-06,0.002674377993158257,0.002530345378307067,0.00014178945078172778,0.0007105497329109742,4.695375912089399e-06,0.0017527734170088441,0.0005367577896474421,0.0005923127923601756,9.858196901710668e-06,1.8582672162360797e-05,4.5850904276119184e-05,0.005053594779379833,0.0016738776577747629,6.974725832458977e-05,4.889836251932295e-06,9.421174590032901e-06,0.00011852641263713713,7.233027029970897e-05,0.0005662547096756797,3.589119934901275e-05,1.6466846047920485e-05,8.85572776546453e-06,0.00010225111716386938,2.3462434722808166e-05,0.0020781620519525973,0.00016797133553864512,0.00040562826648650186,0.00017293413100041488,5.5877568433455464e-05,2.4168105780494837e-05,4.851176693734571e-06,0.00034917188031631584,0.0012705022545982676
ts 3.594E-03 mean,8.984778880806223e-06,2.825503999185383e-06,2.833621687966226e-06,2.7009197125822716e-05,3.304015086558584e-06,3.458352370553746e-06,1.10452211183484e-05,0.00027942978804599406,6.766575694317706e-06,7.503637624072365e-05,2.177505818969625e-06,1.8439240403574204e-06,2.1609054652136536e-06,1.4907373300830233e-06,2.4582447800963816e-06,6.862598173573465e-06,1.011484611371012e-05,3.6190073002597874e-05,1.2230457545469016e-06,1.8426995979440064e-06,3.09936113337104e-06,1.4440642913498392e-06,2.2085842669203168e-06,3.0844494240241788e-06,2.9774343436845553e-06,2.789164008506584e-06,1.8444053123009214e-05,2.580611139952563e-06,6.398367454017025e-06,2.276207101797155e-06,2.4270775639798046e-06,2.7512209857413883e-06,7.52816863392371e-06,4.818186594615308e-06,8.153694327547485e-06,6.191085645704588e-06,5.880631619978869e-05,1.3174410969711918e-06,1.756962581589194e-06,2.6790928188840893e-06,5.021487210863552e-06,4.663293686524214e-06,2.86722272831216e-06,2.1405111437135536e-06,5.749919292790019e-05,3.359296141040117e-05,4.5010551063330165e-05,1.142501535064704e-06,7.847419726859413e-06,3.1765504328143332e-06
ts 3.594E-03 slope,-0.822727601180554,-0.3639797568669456,-0.6430322566209054,-0.6379166394014937,-0.5925919461098813,-0.4056214974801819,-0.6221871844789353,-0.7537479962379859,-0.6755136147310636,-1.105073227330851,-0.21309369854161903,-0.1991302349106136,-0.05226036923347204,-0.07238843481329076,-0.14959504256276704,-0.22590905634026595,-0.49221297816371634,-0.4537319205830965,-0.025757262330257588,-0.4127145623345773,-0.24243700951891656,-0.06983547624651928,-0.1780509919142032,-0.44113157723468155,-0.9092138865544156,-0.22354870528602303,-0.48609925092925715,-0.23464788407180096,-1.4224800374071644,-0.03979287685405442,-0.22925211292759473,-0.09799378115975733,-0.5960723556439687,-0.27670258117166574,-1.3765482961387931,-0.6703732996443117,-1.55466945610276,-0.02430111967668613,-0.055786729925391625,-0.3473294365916973,-0.39364067188575447,-1.0310252551265169,-0.04351324748652057,-0.028122922533707028,-1.2754714726181655,-0.8665377745963766,-1.1116838190137364,-0.01811951841025755,-0.3858317082610408,-0.3695240163944713
ts 3.594E-03 std,0.009076465757044233,6.545674587314385e-05,0.00032622252841275375,0.00031183392813184955,0.0003499987887404863,6.0794781714599553e-05,0.004193464264013998,0.0002875812033272624,0.00028213403402054774,0.0013285086932173149,3.231052336918289e-05,9.645778045335602e-06,1.1900237905600938e-05,1.2462766237325947e-05,1.4659648649228308e-05,2.0406156914277373e-05,0.00017740361415982545,0.00253189392340236,4.790190579258017e-06,9.02104703811945e-05,2.7128775212276897e-05,1.1184275751359653e-05,1.3530079243370908e-05,0.00012828227319081902,0.0011008508040277348,3.5065913474159254e-05,0.0002262139855702265,0.0022091472319566295,0.0037083358834107444,5.192287314211889e-06,2.166497644746974e-05,1.1669387969096981e-05,0.0017191217779722796,0.0018920710653020322,0.0018436241907269883,0.00025694679669307184,0.0019256794694590851,4.661021277021957e-06,5.614211979475865e-06,3.9334116561562384e-05,0.00011183169372923188,0.0017298426284892018,5.530479596310377e-06,4.785257459209647e-06,0.0012412284890846842,0.0005517580811253679,0.0006101778003900474,4.483184631998037e-06,0.00035359605429592097,0.0001119758608529139
ts 1.292E-02 mean,5.878022768550062e-06,6.518104680366838e-06,1.543886686692488e-05,2.5877207435179202e-05,8.751306477723674e-06,3.217227759547889e-05,7.037952925207833e-06,4.742171231023769e-06,0.00018108094141504116,8.251729985835496e-06,0.0001117031114436144,8.26600826935836e-06,4.611021610930811e-06,0.0004483401992626649,1.1120540754410453e-05,1.3662979535399928e-05,8.940348839644143e-06,0.0004868785726690518,2.4592750975177532e-05,7.501865184431291e-06,5.028640056338654e-06,0.00015191264254204613,7.973596819368066e-05,5.64966844815319e-06,5.5391440391440985e-05,9.622755426217266e-06,7.79936066841982e-05,9.64104832350678e-06,9.603155190532094e-06,1.4501182733501105e-05,2.137198303152145e-05,4.40520581370507e-06,1.0322602542180472e-05,1.5083102154225575e-05,1.768438123209037e-05,7.833235217192116e-06,9.329954934493681e-06,2.626640219228205e-05,0.00010315611836171926,5.227934216270446e-05,9.849712229878092e-06,3.81112167861095e-06,2.2988067010071168e-05,6.403442601487026e-05,3.680638822804477e-05,1.5635116817892567e-05,7.242796091975422e-05,3.213930293766342e-05,1.032656128799944e-05,8.331071985729744e-05
ts 1.292E-02 slope,-0.06006699501882543,-0.07479113103724387,-1.0428957288949292,-0.4617556558146783,-0.33947083667570804,-1.0122091575750352,-0.1670393815998607,-0.03352282094738591,-0.5050887547914593,-0.29040994832080064,-0.4077564108679907,-0.5276697111608788,-0.02909771025318105,-0.8698762132790393,-0.2466412089871438,-0.17110272061068751,-0.14122399233563182,-1.1245330015606851,-0.3235347126677198,-0.13776018787577676,-0.015048353702180389,-1.0873309902149715,-0.2974881460100611,-0.07014935513164464,-2.738752070084172,-0.4553486329915354,-0.6586135364191037,-0.20205590861680886,-0.09756515406240114,-0.5945864860173397,-0.4250898645763353,-0.01939169793138599,-0.3314520537841767,-0.2001135803945786,-1.0832539490633666,-0.2514201669044871,-0.10011726414596611,-0.7954843897902597,-0.12801835514707738,-1.30339799938022,-0.1286429187926222,-0.006714591806673324,-0.5790673950376556,-0.4304469416453695,-1.5081434977526917,-0.2107162587806587,-0.5697977317584411,-1.0859858988205988,-0.04115081079126861,-2.1563696687104534
ts 1.292E-02 std,5.403672005135533e-06,7.0015168218979444e-06,0.001840088452262631,0.00017552914744446235,9.447046231380739e-05,0.0015104407971746495,1.848627466375697e-05,4.7304295282631215e-06,0.0030022113009764858,6.795465202362419e-05,9.009937015760368e-05,0.00026099270393993785,4.8649927471729405e-06,0.000481934474073069,2.190933909309593e-05,0.00018563567401197985,2.210245825459755e-05,0.004255625692797435,0.0019242156976526298,9.061027689027044e-06,4.532953625307039e-06,0.004033238302755257,0.0001898123775087421,6.9646165750946634e-06,0.014091100934315185,0.00011148009351067274,0.00026020479276372125,2.4687209907508685e-05,6.522002425246234e-06,0.0004978658628697022,9.511324881840301e-05,4.587151532364455e-06,7.77003532266049e-05,0.00035194922686780015,0.002015339576907505,1.2634205640975122e-05,5.3044775318932254e-05,0.003591916507347722,4.1581729613779706e-05,0.002243032488284743,0.00019490349401610113,4.416613664375374e-06,0.0002825732583172365,6.526179119184235e-05,0.0037964250028097147,3.484570420142236e-05,0.00010795287144080392,0.0036475612384968227,0.0001241002940080536,0.0064548666484113915
ts 4.642E-02 mean,0.00013990436956121994,0.00016832278928252214,3.953299641765889e-05,0.00010993606965776064,2.731762478447148e-05,0.00016891203798450208,8.390087616824739e-05,3.0031689742850337e-05,0.0001464108691128322,0.00030355188197375775,4.406240350232199e-05,6.560212959335817e-05,1.7691033863118453e-05,0.00018866515843539888,5.238134496022649e-05,2.583030456294143e-05,0.0002007236928412606,4.982873916849478e-05,0.0001680772584325966,1.866313709427787e-05,2.7123448489840363e-05,2.738485270102371e-05,7.687206592511723e-05,1.7453217670702383e-05,2.5558729474072346e-05,1.5708695411982155e-05,0.0003990031955511962,0.00014038370747085173,0.000413666558096923,1.766604537089672e-05,0.0001318275760341654,8.918362411152455e-05,5.274411538165284e-05,3.449765475005444e-05,0.00017714934826566604,4.58046748629863e-05,0.0001096759127170422,1.7688653156107363e-05,4.128076776061244e-05,0.00016456907601141655,8.163289993028324e-05,0.00011600522043599171,3.577795282452908e-05,1.6147865279089078e-05,3.272610581711388e-05,2.30675396721533e-05,9.916773793764034e-05,3.1769862531415107e-05,0.00011880978875484618,0.00019134018687397064
ts 4.642E-02 slope,-0.7354237084745048,-1.9228009883846378,-0.10879603401773007,-0.43421686565222906,-0.3884649829882939,-1.1203580387824643,-0.39501378089439354,-0.0438643940448102,-1.2729871435201505,-0.6982973177279028,-0.5653681829348094,-0.6167677449091319,-0.06800096547088329,-2.3822560985772645,-0.19379708762468778,-0.20736623456030834,-1.393723265092259,-0.5881728094152309,-0.47413899498709555,-0.02848396932545928,-0.08933009714835681,-0.040278935802422026,-0.8841316126478886,-0.02880206436682467,-0.04976095496224408,-0.03370941515886998,-0.5145160349924441,-0.4883023354748311,-0.6432244636814389,-0.05151779483762923,-0.4385660325089641,-0.7515801843383038,-0.473082655000224,-0.09226650143814757,-0.643552563422053,-0.05772375888459944,-0.7891499783983289,-0.06067561578123729,-0.21862625894157242,-1.4642344672257188,-1.3728585814372691,-0.6476812047030821,-0.250528032580185,-0.0334712308588921,-0.10029151941756048,-0.059321632935670866,-0.8586203628185584,-0.06856130525107018,-0.5848395766166865,-1.2712024399109727
ts 4.642E-02 std,0.0034843016110065496,0.007046918237822579,1.0660142949972033e-05,0.002973077258154975,0.00010462525305558924,0.0004947131216654451,0.003005936887344959,5.335196581141017e-06,0.0041053222692654535,0.0003819809794803986,0.00015942746693516316,0.00022632911833447738,5.481994055794618e-06,0.008738129453469457,1.381201047823576e-05,1.868513477886306e-05,0.003039394384242184,0.000500704707326453,0.006212626966996038,4.520677571121962e-06,7.731255498721383e-06,4.958444280344646e-06,0.00035403306358440946,4.483316256932964e-06,2.4984784956404716e-05,4.730168641022993e-06,0.00020314059376693564,0.0031806943443267867,0.00013467397568283759,1.5625637603395456e-05,0.0001099148171330922,0.0003068302310548329,8.370573692114645e-05,2.6838109001837497e-05,0.00032598320430807443,1.0355109531047277e-05,0.0017609429706676896,6.360825699750209e-06,1.4135283210572108e-05,0.005947105441074025,0.004813970861840786,0.005216000444196855,3.249999455344159e-05,4.445238619902299e-06,9.71467322229498e-06,5.340599610753485e-06,0.00024245842070027407,5.467651783209034e-06,0.00016014439313976223,0.0017880474566447794
ts 1.668E-01 mean,0.0009132554685682014,0.00025934313338972785,6.822549954696651e-05,0.00013886419617975372,0.0001240678563397017,0.0010409709096509028,9.741317548702156e-05,0.0007627439209699241,0.0003027734307919481,0.000448332212063924,0.0012378686905952423,0.00024437199389894465,0.0007846427445840782,0.0001067646624304711,0.0002786560000006452,0.00016535135488813762,0.00023792332113583404,0.00010614078013594864,0.0001528457124171866,0.0003015057543010442,0.000589124525299538,0.0007427041347966875,0.0012029331983861547,0.00012267469834627433,0.0007445402024442511,0.00449546874159664,0.0001231406813465232,0.0005163959731381754,0.00033629519126268496,6.778449484296782e-05,0.0003751087880470982,0.00018036285402878613,0.0012581616051445294,0.00037530126778267985,9.775845318450019e-05,0.0002532551077704725,0.00012235475968343413,0.0004528952274563329,0.00039501873332081576,0.0004974635188476612,0.0015270893582011089,0.00045846717282058494,0.000151618139059024,0.0002515793602735843,0.000549342313501449,0.0001263519019091283,0.000369796606251492,7.607701513817309e-05,0.0005678783694101511,0.0016959258403333396
ts 1.668E-01 slope,-0.7497678396251191,-0.33095175070949,-0.06406087777815142,-0.16946617206433093,-0.06680441194815954,-1.2370461298007769,-0.09425075541004779,-2.2326469755553435,-0.1646752769469554,-0.5902031812417216,-0.5080250462764805,-0.7183667746070435,-0.44215474822135487,-0.04983128073065009,-1.3820957132059686,-0.20404015342036108,-0.16097994972178817,0.0008270395336399135,-0.22138375717766887,-0.5966957509307568,-1.2714158712723411,-0.5477427179015761,-0.514591251647842,-0.13304288980027934,-0.5773038419754933,-0.7905121692519604,-0.30345962659362213,-0.6264328658796867,-1.2915009267905284,-0.011976536029153875,-0.28327775518688836,-0.20737764901063196,-0.6015638360448792,-0.9462778251045509,-0.11912753276431007,-0.6948188766935287,-0.19965309612092091,-1.4651874717415814,-0.5611465541579338,-0.4694903714081379,-0.25919470668639816,-1.0910478083055615,-0.3630204468983595,-0.6071837854749316,-0.1843259163800432,-0.19617778681114623,-0.4735119356403368,-0.2545263307668829,-1.2255992576517964,-2.062559317434595
ts 1.668E-01 std,0.005904569934446571,5.7934714671597e-05,5.373725662940513e-06,2.7312901995186274e-05,5.575812776179786e-06,0.009007367384409423,3.637454117114869e-05,0.006009708342497649,0.0019208860195979365,0.010306506045022912,0.007038776156292192,0.00036023863814462176,0.0028024625329612775,4.984616282235051e-06,0.002062532112149782,2.9851102942391376e-05,1.8826238302247593e-05,5.127321942639872e-05,2.8763248355725334e-05,0.001073995488931242,0.0029517559314938013,0.006536248699971774,0.0001879566388770012,3.273484976456397e-05,0.005684209536503381,0.007849304762048146,6.729488675798429e-05,0.007533484048941295,0.002024431457476003,4.372788947953298e-06,2.8129302873867985e-05,3.738564411505075e-05,0.0009729671779681499,0.0009990097875004443,1.2317088918000952e-05,0.00025076149670321904,2.5269363191383294e-05,0.0014043574044716308,0.0002925483697798572,0.00017057065012590175,4.609964545419353e-05,0.006234947860939729,3.5685854861875984e-05,0.00020400137228374177,0.0019446873081356193,1.462343621576693e-05,0.0010386932316744962,4.79777747208459e-05,0.0037429527769814257,0.006586549964935273
ts 5.995E-01 mean,0.25431657469714003,0.1793389680970888,0.10720027798577972,0.6779458864764,0.8164861903146,0.0026756446895535644,0.42693089194936,0.2356262031119986,0.023271859556916047,0.022289601577373114,0.24893002867841468,0.1709771193797958,0.1593906956184091,0.0028076304965439997,0.034727288552968104,0.008306259920156087,0.0006436930916403664,0.006433549208387855,0.2810637681244022,0.5290212700578,0.032513852340275186,0.001156640534840569,0.0008178423610795553,0.36192407845371866,0.0006289189100396377,0.0009840514335783806,0.72883492704,0.0015616125597707072,0.2736273497044628,0.5533465425972,0.08530137852947672,0.17743823240907428,0.5048709345124,0.07876337454936848,0.622318381158,0.39160292222664,0.006594053372094882,0.02265462329331268,0.2786968717237,0.08733686709529222,0.308551415233324,0.0004837076900113238,0.32402785054491995,0.0005784270960124526,0.001103173854726427,0.0004978908173019506,0.0005958101440983499,0.026245647861215297,0.07557111091063998,0.0036047140008395027
ts 5.995E-01 slope,-0.4989896105769536,-0.7381147550533822,-0.606681665014021,-0.21859410675124546,-0.17232935252354917,-0.813503129421123,-0.4621396420762206,-0.5622124220357786,-0.6183088978101468,-0.42552402998767186,-0.5882505690562393,-0.4770373075889757,-0.5936626092057717,-0.6783094101474033,-0.8217507369765721,-0.874834123243842,-0.6236409170981896,-0.9741130078547318,-0.6084248156109292,-0.35264951914660214,-0.6428958735113356,-0.3044679255589106,-0.5837336646243385,-0.4383628080267087,-0.18996006838993726,-1.169948097234633,-0.25900212879524975,-0.5024520544527822,-0.6206296734589598,-0.33960328165064185,-0.7363290652518591,-0.4386688056299593,-0.39911936688427957,-0.6299327432523828,-0.38008269159150565,-0.4468563644701843,-0.43543765563525166,-0.6855987100787881,-0.3643625622117641,-0.6884332415198806,-0.5528331587076095,-0.3361463216768379,-0.6654295680523116,-0.2318543660924254,-0.6038143727894124,-0.5417300252624669,-0.31521796133754737,-1.2883749324987526,-0.520647371203207,-1.0203891577043867
ts 5.995E-01 std,0.005703336698361693,0.00615498966082783,0.006417808102431421,0.005690924898216756,0.007721517456484694,0.0014804257757374804,0.006129199156609277,0.005966583800960349,0.006408453777361257,0.005842718584890075,0.007254548912463307,0.006245858500678338,0.006102091867661258,0.003950803413420527,0.006200206917776914,0.0026120103533076497,0.00013677424908016154,0.004060692051181607,0.005986704891558847,0.006524731122447141,0.005715206356811908,0.00020702397745350494,0.00036022870653074497,0.006016463559875666,9.86834427634195e-05,0.002181024011708821,0.006615045890473218,0.006959020801085343,0.00701545853189259,0.005111487353848282,0.0060896916257529325,0.006020121582588867,0.005848337862376858,0.006682449856043745,0.006239929276583316,0.006425754935987076,0.0059392184518286765,0.006510676718058646,0.006051990164949867,0.00641023419418636,0.0064124668767915555,6.954556074539699e-05,0.0061224986730501404,0.00013860404306990673,7.218312986210007e-05,0.0016822813431355654,7.632545240136223e-05,0.00562713766826585,0.007335987455912956,0.00178304999145374
ts 2.154E+00 mean,1.71528358528,1.255469250252,2.31176382162,2.0901253762199996,1.48864740346,1.28870307054,2.2363308361,1.0788650816399998,1.217039239604,1.007759950767,2.3751244362,1.82150561676,1.486678927506,2.0903056263999997,2.0075385423,1.65184735286,2.1869105517999996,1.2128382550399999,2.00605721444,1.342100484926,1.7852780713,1.1781331592277,1.8743804193,1.67152598846,2.835014619,1.7828774302,1.80908548104,1.1656263230068002,0.978670107452,2.20862161396,1.32476768118,2.0256512592,1.333289296748,1.304164828498,1.08401926845,1.6138618797,1.58572452522,1.7645624545460004,1.39876016392,1.6380674304799998,2.4764000035400002,1.9800223216800001,1.8824231988200002,2.2810836522,1.336446654328,1.1596116138460002,1.5638661144800001,1.58589982623,1.78537326116,1.1932213648380001
ts 2.154E+00 slope,0.12486711385987596,-0.3741756216677504,-0.09000492907739106,-0.01795256335399341,-0.0989454804449573,-0.12690139529575103,-0.022672227778805152,0.05879471419534687,-0.23826943615377635,-0.19130383412611285,-0.09072553880742792,-0.05376070825690227,-0.26084251373630174,0.014042295475890115,0.032136206059461214,0.04561638081449768,0.058719120717449835,-0.07027298166811746,-0.08998187102027291,-0.24748828114283197,-0.09045646032766534,-0.06049506779938891,-0.16179729512542396,-0.16098030319680898,0.18550823196251026,0.05477750200646835,-0.02364627734185589,-0.08908959866921004,-0.2890800984920562,-0.03717067240738179,-0.15919577835957263,-0.04659546741898104,0.027117394220061864,-0.23229285653884688,-0.22986015389296058,-0.01229685029236853,0.0013547379546187388,-0.03843228645022548,0.021381916440260693,0.015096517370371001,-0.045974526123012956,-0.10813013485670302,-0.05186014489574955,0.03685525109372002,-0.1589506269233977,-0.06969150307489279,-0.22906328638250473,-0.05655067764175473,-0.04065820792296828,-0.15536516989086754
ts 2.154E+00 std,0.005853517726396242,0.005846947208552009,0.006198729550243464,0.005641758025079894,0.0058818608298312905,0.007401804745130553,0.005900708407011593,0.006796112882147976,0.008606675289592379,0.0070666272920202255,0.006553659649306572,0.006814173804183229,0.006153164728175983,0.006177725104448677,0.005711540042828128,0.0067077548849664844,0.006850152936773993,0.005984042745647675,0.005875454811979632,0.0060153999940313445,0.005948561880203407,0.00514927917748103,0.006226545831196945,0.006802404215142951,0.006902863577656833,0.0072615627450290775,0.005639541901226937,0.005932289730061479,0.005878494568382735,0.0049693236638964095,0.007050357059804079,0.005800376577676039,0.005406307333384625,0.005057986935677981,0.005995036224193979,0.006150644157433984,0.006751559960029744,0.006009305812306608,0.006314478766451913,0.006252449305060106,0.006917642960782827,0.005314413345208708,0.006802685036217381,0.005489391966664236,0.006947951170519136,0.006092643414980844,0.006746057008288278,0.004910748247690374,0.005678929609829702,0.00640052382750707
ts 7.743E+00 mean,7.35759895,6.8344937028,7.3504500319999995,7.39108888,6.956466567999999,7.321527836,6.975309115399999,7.947040456,6.5053373599999995,7.644719316,6.942704897999999,7.64813973,7.284473115999999,7.576996836,7.042493432600001,8.010016572,6.806375086,6.174115765,6.8987885470000005,6.45655656,6.814096889999999,6.734475904200001,7.207897526000001,8.033647138000001,7.598591010000001,6.4145251854000005,7.067421278,7.438536284599999,7.197178334000001,7.212551098,7.661960672000001,7.3071392600000005,7.684368784,7.029745192000001,7.432883648,7.050061634,7.233417162000001,7.367790434000001,7.407473842000001,7.3679125260000005,7.9368424719999995,7.2401194900000005,7.93349752,7.296402077999999,7.278247454,7.649645673999999,7.169432123999999,6.65603633,7.818210019999999,6.8192971259999995
ts 7.743E+00 slope,0.07159065949486922,0.02757386133630994,-0.02954967394457694,-0.05794371506861078,0.09121210448119983,-0.09118292622013084,0.15786090381460036,0.048931752741155334,-0.002713857325441578,0.03509494631027148,-0.02884431975467857,-0.014330354063037405,-0.08883954306290642,-0.029757223072881825,0.046460310995999086,0.0957779161397047,-0.17624313103275951,-0.08857034210754106,-0.08019025442796032,0.05248893975937428,-0.01600872573419485,-0.15933810812412358,-0.020970295436198133,-0.033531161911776734,-0.03674284999882832,-0.088972820793792,0.029654324609156398,0.002205147947266206,-0.003576411195865531,0.02796573214234828,0.10712096322451704,0.05939906723454383,0.013951115482306644,0.09833338832559313,-0.02232011607691735,0.014832058862496762,-0.09297781738972878,-0.07463178025011719,-0.059898982857254285,-0.14792138926594567,0.12926192301535291,0.18742281493226162,0.02474523479484553,0.03464601606016087,-0.13017922883323219,-0.024879855254468668,-0.029631897314441658,-0.14307728625863905,0.03094482671159804,0.06221681793084734
ts 7.743E+00 std,0.0066423339000540454,0.006383844877662927,0.005491160445627315,0.005372327317834055,0.006105194901965451,0.0065315315509687395,0.006188788974943763,0.004894998277043969,0.007261981905005169,0.006580379371759529,0.005394257898836089,0.006211984299227868,0.006669218046593203,0.006965245426435284,0.007257472828024194,0.007332828117917918,0.007592124934558925,0.005812427112850897,0.005547025193818418,0.0070666361630713674,0.006135429056717605,0.006092053411940811,0.006334430550561079,0.005792514347391029,0.006259595634647783,0.006266538305125287,0.006425971075609063,0.006464682856467687,0.00687463247443481,0.006431084772353163,0.005446023089736372,0.006381598547614383,0.006465730297269298,0.005834165853839664,0.0049984337714404905,0.006730071455101972,0.006571766947310485,0.006764096105225231,0.00675675350241663,0.006036973409818664,0.00733299994428923,0.005897396115054211,0.007871896987990682,0.004631339520106268,0.006567839662582118,0.005609982119256719,0.006838024472016863,0.005399365826825116,0.006675916177291933,0.0055818084020559525
ts 2.783E+01 mean,27.64870798,27.63089748,27.022090320000007,27.288730260000005,27.27812794,27.54848994,26.47449188,27.136413,27.561010739999997,26.97098188,27.693450180000003,26.539357200000005,26.860679379999997,27.69709412,27.28672412,27.389767220000003,27.806186220000004,28.007220380000003,27.344072320000002,28.12911274,27.30900906,27.96137132,27.980081539999997,26.633272439999995,28.00881568,25.8250628,28.158944140000003,27.395051639999995,27.04595778,27.147445559999998,27.549187699999997,26.790636600000003,26.4513439,27.668570159999998,26.68307754,27.110792220000004,27.227984600000003,27.418983439999998,27.71323218,27.627329279999998,26.306827740000003,27.064903639999997,27.06514226,27.533854379999998,28.10147854,26.492233499999998,27.997350340000004,26.43085602,28.389178039999997,26.985123719999997
ts 2.783E+01 slope,0.07574823999931103,-0.06051648352781369,0.011520604914463236,-0.10670837206338327,0.0046669120127339515,-0.005316258801938994,-0.06252409201065895,-0.06795936353701539,-0.18232044622949434,0.05303146666035024,0.0066459598207864205,-0.06281076690902544,0.017427301594234473,0.051600215849624015,-0.004709107861386796,-0.05033861486323551,0.023816859701260094,0.003257492305558629,-0.020697111540946514,-0.03969979714657668,-0.08796778591291188,-0.07144666893073359,0.0392772686721725,0.12067049998195378,0.04915254409211811,-0.06320273470408135,-0.06737413065237666,0.08783437688554897,0.0809892646624434,-0.09848951756505753,0.04646741795662418,-0.06034543128921642,0.15785067909064704,-0.036716747581764374,-0.1334382149857594,0.03509711638066759,0.03899752937852323,0.008583524833529633,-0.09592911899746814,-0.06595178683835613,0.03247538743791915,-0.07202883327164751,-0.024382026186497752,-0.05562791883745671,0.09061282877042647,0.01230842719463757,-0.06996942188285038,0.028755291881350738,0.05370253982538081,0.021990947900420124
ts 2.783E+01 std,0.0054972385093825585,0.0047722006151149216,0.005942057735478252,0.006082046937687517,0.005911687451062916,0.005602063892771385,0.0064275481379506985,0.005874123002615044,0.006066663803560054,0.0069215092597531966,0.0053898234202189015,0.007142758984118483,0.006375740995453838,0.007397004278427895,0.006303961360022827,0.006255869356074278,0.006198485788408483,0.005664376051810833,0.0063279502305093015,0.005626756237854389,0.005716946711926011,0.006450407287720632,0.006744910635340046,0.006391402385729761,0.007314455153727815,0.005755905276413274,0.005285532735682422,0.006519847337411883,0.005690113886634633,0.007205093281449958,0.005251336841082538,0.00632849970057608,0.005557985058733556,0.006724316932073708,0.0062992565081251405,0.00570084310826996,0.0070039986588118115,0.006059423160538317,0.0056694869825701325,0.0052708295585859625,0.00648747411955074,0.00627019639087251,0.0068076186586403945,0.006325381552025856,0.0054069110983616196,0.005246433913997309,0.005908711012471957,0.005921334188264227,0.0053152432051846886,0.0064055888342329954
ts 1.000E+02 mean,98.88201341999999,99.16322706,99.80046414,99.21489192000001,98.42402831999999,99.30517395999999,100.3578647,98.65261939999999,99.43743598,99.43882996,100.39085216,98.69148736000001,98.29038498,98.73460868,100.04581266000001,98.6510689,98.5840561,99.14453572,100.61949641999999,99.71268878,99.81485038000001,100.59118027999999,101.10736546,99.64024698000001,98.96422206,98.39933818,97.6365878,99.81749905999999,98.73073083999999,98.53816218000001,99.14048946,97.75314582,99.20996376000001,99.02803071999999,99.43731814000002,99.12946558,100.36387513999999,99.56570357999999,99.50130737999999,98.89792324000001,99.08926455999999,99.23745176,99.42100078,99.84279228000001,99.48788530000002,98.19875066,98.03992204,99.09237262,99.03442428000001,98.10863668
ts 1.000E+02 slope,-0.0023166543510650486,-0.17598969022799468,-0.13860342375501067,-0.08162622629459564,-0.07982809775898829,0.02829855050509023,-0.004357073689620222,0.005293586060244461,0.031114552122229893,0.002149658309132454,-0.013508086784151633,-0.08619712680553716,-0.0077164850669018195,0.17853128136551105,-0.048989627161956435,-0.07998112777619303,-0.07365440594352918,0.10718164556887255,0.08739958956173473,-0.10012102995621004,-0.07933486889969195,0.04189936285412327,0.027197561277645856,-0.07189323568943973,0.08632270909972928,0.03647170883485466,-0.057263101726526947,-0.016838768165022187,-0.0070726881663379405,0.08834112042020281,-0.012398281269824474,-0.09708352060987123,0.023244450382516258,0.08713191371811112,0.005217541814756573,-0.03401200764269483,-0.048458252784763116,-0.01621049968012569,0.10949332661955175,0.043587817490198306,-0.1092217697277587,-0.03115036659206419,-0.007165262543845231,0.05180473799666644,0.008770800458830835,0.05196480286875772,-0.04756562013106737,0.08428017402485503,0.11585048500914677,0.09309957972159116
ts 1.000E+02 std,0.005195822538896135,0.006521299955639866,0.006434307912649617,0.008008410357865448,0.006124544103883353,0.007245494345285575,0.005750023469703875,0.006381074719365706,0.00629555938878785,0.005454623837597185,0.006231262634501673,0.0058533059691600504,0.006652178924763529,0.005174876279293733,0.006167407703183306,0.007365989207137556,0.005748597041141897,0.006771361365998576,0.005475948446318793,0.005844824014075202,0.007323674548990678,0.00708241904070709,0.006347346658400469,0.006975015252075066,0.005930672549151919,0.005479942566220127,0.006019886509385809,0.006888096732895902,0.005683757461948433,0.006377267843886447,0.007381850662639669,0.005888648874275603,0.0063540307944838816,0.006115765491288779,0.005765103615548764,0.006442115551108535,0.0061168829200793605,0.007146852674973611,0.005462983736629958,0.005856521863884642,0.006862537707229864,0.0048608265682140986,0.006437743530822815,0.007115321517843656,0.005668000650333387,0.0067014468569841215,0.005222432682807373,0.005980289457076047,0.008047023388859188,0.005545143645781218
