,99.99999999999999,73.72028964018153,49.64992384996634,49.309172193849605,46.86442236798325,33.069903641800835,26.92615765120584,21.27464812773843,19.206699572449025,14.25261633579999,14.028344423366672,13.3020529682208,13.230335890690437,6.273983184319768,5.8975895418921995,4.669100206718426,3.5289133194026405,3.1807224495598376,3.0760639222082444,2.457258914700243,2.225089206872814,2.2166054460139826,1.8063786671884308,1.25180056996606,1.1210028875359033,1.0253121794705216,0.9908166473298063,0.8235617222900754,0.777448787892221,0.6485873391715875,0.3254910772745778,0.25604143132510226,0.25298422020480255,0.20890942655381478,0.17222289311021802,0.15973928103566085,0.15846544306886926,0.15082241526811999,0.14572706340095376,0.1399947925503918,0.13426252169982977,0.1250908883389306,0.11209774107765672,0.10955006514407363,0.10942268134739445,0.10929529755071529,0.09528307991600822,0.0807613270945845,0.07770411597428477,0.07744934838092646
ts 0 slope,-0.17026762551234845,-0.2061343403498763,-0.7311084953086581,-0.7254518758267282,-0.7612310264379826,-0.9930667131873823,-1.1329570151204924,-1.2809070628032748,-1.350569165477357,-1.3710433356547813,-1.4240988029551982,-1.5339038940509264,-1.3965591883503017,-1.6025316618636853,-1.6526336937255512,-1.638352355643515,-1.74125641650328,-1.6933369805649523,-1.6900147005545303,-1.7403044525652684,-1.7293343684245654,-1.7406327993642021,-1.7496115378710075,-1.7850866856046372,-1.8009687663990903,-1.739882482518749,-1.805664870972167,-1.7854438738329077,-1.7632957906913114,-1.7819213121957915,-1.7975017878789532,-1.7975153006817517,-1.8111547586844319,-1.8058989375861052,-1.8045895638566147,-1.7931948671535756,-1.7808619324353625,-1.81473964842625,-1.801790661835708,-1.7893815686770098,-1.7923430398954394,-1.789565723066639,-1.812774156209275,-1.7961865760778724,-1.7677585884227376,-1.8174605774176933,-1.7851766399692637,-1.7971407232862264,-1.817640898866391,-1.7976463180859474
ts 0 std,0.0001932334606052065,0.00017926795278780424,0.00036843440271901087,0.0003635333123074684,0.0003637561826966503,0.00037265558610308577,0.0003574387442453414,0.0003658046658639002,0.00022104293008580253,0.0003768959525139047,0.0003629891927573719,6.822295754857893e-05,0.0001839035119903006,0.00020185040696712967,0.00019451128067337302,0.0003584971909716059,0.00014943395333134475,0.0003026774583751225,0.0003465200816737088,0.0003658176410116311,0.00035731085302906086,0.00035358753131331543,0.000258517170526468,0.00035619910493937937,0.0002430090360496544,0.0003623237749881115,0.0001813121902293865,0.00018184629300530014,0.00034796598569637304,0.00034304039843828293,0.0003241733780182231,0.0002837610086926633,0.00020149196080095633,0.00023241199172114568,0.00033692821356275576,0.0003104241747045558,0.00036666775443089513,0.00034541157215873446,0.000360628956122209,0.00036618103933940476,0.0003655426134382924,0.00018636459405253875,0.00016620336556353774,0.00025456515775770344,0.00017520112417719017,0.00015956588579412888,0.000280178966382333,0.00036028213073833207,0.0003681079637568287,0.0002827942931614911
ts 1 slope,-0.2957736347503372,-0.3030688410860517,-0.751638720487908,-0.8239249307774804,-0.7657128406698224,-0.9768566883582858,-1.1276849749144455,-1.1985597669945705,-1.3021420082021102,-1.359788806278315,-1.3988671173346943,-1.4189030160660854,-1.454573788463692,-1.5864227681331122,-1.6074622388581918,-1.644628894029172,-1.6972382666911252,-1.7003603308580526,-1.7369486571428023,-1.7513107054851729,-1.7178387891622346,-1.7734796802512651,-1.7061536084856745,-1.745949224049469,-1.751328433417734,-1.7831446423347586,-1.797230954597939,-1.7742353159148179,-1.7891094762828772,-1.7945146246390318,-1.7933875718831391,-1.8220826942696091,-1.7876210867315159,-1.7858486626377823,-1.7907933713727662,-1.7800031996353871,-1.7581268854982517,-1.7792466312804098,-1.7984433101174557,-1.810530605390832,-1.8123302860238726,-1.7841398359396878,-1.7721434338290822,-1.7871974005672988,-1.8082274065963766,-1.80650293629056,-1.8232938844115374,-1.8040249195965548,-1.7824696152925512,-1.7846317514991752
ts 1 std,0.00010235448080147477,0.0002972305463140157,0.0003014014802003494,0.00017529740909758864,0.00038691705003215466,0.0002812261399297129,0.00031889233889387166,0.0003132897276390475,0.00036924827291743987,0.0003253618882178616,0.00036597929480885067,0.0003850867611130453,0.0003601072162489736,0.00031595817353541274,0.00037430237833440007,0.0003531405842220542,0.00022651564008470567,0.00034387889562698077,0.00033465331132935213,0.00033674297346305307,0.0002638924071058099,0.0002570904110893732,0.0003552105225371772,0.00035203236969267345,8.861028443721866e-05,0.00032885804005375606,0.00027618089469391265,0.0003529679211536421,0.00015474053811326768,0.0003754359629438529,0.00032424789336500556,0.0002911448358175164,0.00031416556271841086,0.00023763647413805824,0.00014113387455171253,0.00034336628939218513,0.00029489154920106037,0.0003415099261553646,0.0003033693564479711,0.0003867574861650331,0.0002590501666757098,0.00035620681080766875,0.00036539568475391825,0.00034771660128396254,0.00026844759578259817,0.0003394007381933341,0.00036706109311942684,0.0003340612663078179,0.00035949530802776284,0.00034357419042186195
ts 2 slope,0.09374667842093007,-0.34032530418376156,-0.7154671426225988,-0.6452092048988647,-0.8943598072639353,-0.995920679094866,-1.1353840208316626,-1.2371654047470286,-1.265812966569107,-1.3968105413868803,-1.4136175525058774,-1.4015016801436924,-1.4272428306369418,-1.5884651361459061,-1.6199942611382552,-1.656259767720634,-1.677944381714021,-1.7066688413115214,-1.7085790450666558,-1.726706740463805,-1.750950612794353,-1.7278129761962047,-1.7446480218758178,-1.7537420133369122,-1.7829570000537271,-1.730118168865505,-1.7819136490684258,-1.7750994738838284,-1.818692253908697,-1.8140735274559185,-1.7834097535464561,-1.8058851590898484,-1.7970707244802753,-1.7681782439664642,-1.7822786626380624,-1.8084583686522253,-1.7623211681529003,-1.802780397137968,-1.7984614870500482,-1.798838355789902,-1.7768732317846405,-1.7867895973429984,-1.7754420112152673,-1.7818845150845388,-1.7747102798965622,-1.7981730155501252,-1.7698305448413774,-1.7606563237166861,-1.7801368747734196,-1.800680596105902
ts 2 std,0.00027404287332973427,0.000358882513641716,0.0003741064308146687,0.0003112950840899937,0.00011720045878032821,0.00034620399998886196,0.0003756239496787122,0.0003731871250623998,0.0003909747201704779,0.00035978594814271267,0.00038728808380011405,0.0002710360875300202,0.00035820481294452733,0.00034314774580796646,0.0003680233102317919,0.00011295872611697015,0.00014504858221046392,0.0003606176872665018,0.00036302708589685954,0.00035975090470066295,0.0003651247312970404,0.00032321918533276126,0.00035786146192008574,3.728867110327368e-05,0.00037396233979383953,0.00033177840487301496,0.00035950535455628687,0.00035864072563523286,0.00036788542332255234,0.00023234027435225266,0.00032704200068594164,0.00035186000049449383,4.673235657639846e-05,0.0003680158036234271,0.0003514685819195815,0.00035138251675851105,0.00023690791909978729,0.000362246759111431,0.00036032186674680636,0.0003504954160536761,0.0003268686911458641,0.0003763612117284904,0.0003649038747275657,0.0003507765232218893,0.00034500006176032524,0.00033636400849614836,0.00036943535840756176,0.00035776096708513684,0.0003498700751656441,0.000299383755987941
ts 3 slope,0.13513749347914178,-0.2752776781156458,-0.6783510872712031,-0.6178093979994048,-0.7491179376956094,-1.0190251618325923,-1.0981344406869227,-1.2735807974417657,-1.260069325199429,-1.4149470116173877,-1.4257560465050163,-1.4289069217533907,-1.4434816506168027,-1.614823292530262,-1.6049032848552613,-1.7069574203698197,-1.6690777205636318,-1.721438919367717,-1.673069215356653,-1.739566656645045,-1.719409590540531,-1.7322882222250517,-1.7586077066617458,-1.770056144679192,-1.7725832513219852,-1.7749392826121833,-1.7665238993022683,-1.7279216910699313,-1.7710357165806103,-1.8066636921578543,-1.8405853605745752,-1.7813849612558428,-1.794280871229249,-1.7677658561305873,-1.7919186047665083,-1.7780307921064165,-1.795051700853888,-1.7941093704842823,-1.7638963596827941,-1.7967450319098175,-1.8366866269897486,-1.7796260402297748,-1.7820578163392218,-1.7908459587586478,-1.807335092237621,-1.8092030521082547,-1.7956767277282288,-1.7824984014020075,-1.802643988887721,-1.7864936743989477
ts 3 std,0.00024120634035073308,0.00029419602176624044,0.00037056485579706455,0.00020685926493125734,0.0003471459317908113,0.00036981138961531213,0.00034753835705131,0.0002729565908910998,0.0003712800239469839,0.0002917608689393714,0.0003619695941122053,0.00028168198947628274,0.00036343270251905065,0.00036318981215651373,0.00025934854550193395,0.0003410591974074749,0.00012957996419769838,0.00036872250529996413,0.00036006543614575153,0.0001637774642822504,0.00019276728924664217,0.00010691393537730436,0.00034390543469517,0.00035639519985354617,0.00028340773851548635,0.0003579236727755707,0.0003573631862711451,0.0003601770465193253,0.0002559097258910943,0.000318833184649893,0.00035673860804588133,0.00025988750617811054,0.00015917455304488456,0.0002937755481718499,0.00035202862680083687,0.00037836552046113906,6.615883314882142e-05,0.00027712927615636897,0.00036127313165681876,0.00035494922470587535,0.00036292918027526044,0.00035999893956142583,0.00037844575757629796,0.00035155201436276693,9.869179725499689e-05,0.00019224985676855432,0.0003079811840355381,0.00037001651803979994,0.00036111298573353903,0.000307745234480161
ts 4 slope,0.01841026776290063,-0.38808610351929984,-0.6262187831679673,-0.7162209948181609,-0.6380261388872479,-1.0022227189185131,-1.0879399100259062,-1.2187004475816228,-1.3092423971176823,-1.3397709426309734,-1.395908052915485,-1.4511499769840552,-1.401505427692165,-1.6095536759549554,-1.6440990994566436,-1.6590109950183765,-1.6868756232589224,-1.7255576670598542,-1.7353525255584061,-1.7364253811745016,-1.7494144691228892,-1.7316927661740817,-1.7465094167625501,-1.7587148494794327,-1.7289831786118204,-1.776897378569105,-1.7652140970539256,-1.7847313099524316,-1.7542440991801296,-1.7545920584259083,-1.7914165386093361,-1.7933469674961653,-1.8085110831097364,-1.7776841153967928,-1.7663454593046621,-1.8032705303527812,-1.783502768332747,-1.7894045260562763,-1.7800736006147846,-1.7894640777363275,-1.7870305534211008,-1.767462862124977,-1.759666531733308,-1.765427118398947,-1.7960777397682943,-1.7926068511988404,-1.781893613177538,-1.809990846687481,-1.7925605843909762,-1.7857130289488394
ts 4 std,0.000363457415410656,0.0003620009589498441,0.0002632700704853095,0.0003558828596404327,0.00016425843733854802,0.0003730987987162351,0.0003633093710677217,0.00031645352419915236,0.00035306669240794584,0.0001756904277385679,0.0003823271207678101,0.00032573515338236395,0.0003774096193578213,0.0003509092312524447,0.00035797659120987893,0.0003668627238772574,0.0002717236395944488,0.00031734054588458335,0.00035791070746656295,0.00036153505357751527,0.00031042398611050656,0.00020339885206833915,0.0003678478433880888,0.0002354121071543851,0.00036486028520404235,0.00035506477336440505,0.00036343424357885727,5.485708373110468e-05,0.00032204948217279673,0.00036706556579498446,0.00028391532914945843,0.0003650026775030732,0.00034170410709418846,0.0003178899118808376,0.00037970100708614377,0.0003484005945794471,0.0003563700133989436,0.00024221934729992884,0.00012539557220329737,0.00034936844886937463,0.00035566681482118826,0.00036565479949219134,0.0003516251570036021,0.00029705117615926773,0.00036748470160796867,0.000284790363777344,0.0003136454506505221,0.0003220255269362483,0.0003711286451350604,9.105356477882504e-05
ts 5 slope,0.19734948996741827,-0.3095381144869539,-0.7089081452659325,-0.6383573647886921,-0.8271719690789767,-0.9836912077516108,-1.0733691639330838,-1.2197321394985565,-1.2650832130848197,-1.3991438937515388,-1.424150668196928,-1.4332711837968928,-1.4339762912810017,-1.6236304590157642,-1.5898787196590392,-1.6794370404529375,-1.71407882075967,-1.6880541057790808,-1.6972189833625164,-1.74609189449694,-1.7035155431348885,-1.745776164780978,-1.7663400545408732,-1.7698290587016898,-1.772604175373012,-1.733038640042877,-1.734157339116683,-1.8043967683750868,-1.7765456940269218,-1.7807377621156422,-1.7781611774309485,-1.7818331057677543,-1.7938667294422013,-1.7933555418802618,-1.8018817862389491,-1.8057524054294496,-1.7845871542647993,-1.7874257791177224,-1.7901045849149615,-1.7969209316682087,-1.7993333944742143,-1.8002844433784801,-1.7951500496579749,-1.7791474747836251,-1.8003059899702014,-1.7993128834729046,-1.7841418290010465,-1.8001633183086485,-1.7851590682504566,-1.7943534128428038
ts 5 std,0.00015119883153658675,0.0003843064472098524,0.00035420777140601024,0.00021532905422270345,0.00026052921407443994,0.0003924493644051823,0.0003122992687696086,0.00036788044908923895,0.0003742289098220693,0.00037965089080904625,0.0002994401925606094,0.00035795840169847013,0.00035427120620236836,0.00035251987236213644,8.233607372979766e-05,0.0003598549881519401,0.00034507193477050836,0.00036050723301055674,0.0003496674208936337,0.0003561291013403375,0.00036494931630424055,0.000263370214919483,0.0003602951559217526,0.00027878190199022635,0.00034255859891439624,0.00035628313453697134,0.0003606011563523527,0.00023289827324097487,0.00033704426738372654,0.00017860665619247527,0.0003248637326315024,0.0003008937539104898,0.00030528205902532595,0.000289506101404783,0.00024185173291076088,0.0003657658893419793,0.00036484441584610285,0.00037199091550519167,0.00023950425539340212,0.00037656941204231346,0.00027878208962351254,0.00035659548003327715,0.0003409244480962564,0.00034890564388427516,0.00035997089040355664,0.0003578375657161518,0.0003491322751978931,0.00023988358450345714,0.00033817639790731185,0.00035418974053474044
ts 6 slope,0.0038053534133349787,-0.5224404432679953,-0.7054510586714483,-0.7292603852258015,-0.6362937136788381,-0.9700618999393642,-1.0922996648365304,-1.257129850216046,-1.2473851011821038,-1.4055753646690372,-1.4298676677958864,-1.422360099996906,-1.396630082792209,-1.630089243676076,-1.6245035621244444,-1.6630535261509323,-1.6844590221484872,-1.6977532240443878,-1.7067622619800507,-1.6794226599035922,-1.7121296341922665,-1.7339128852723469,-1.7941882720605233,-1.7653490387786535,-1.7519964903971275,-1.8021610596536302,-1.785143019882051,-1.8149991457691934,-1.8022714690682957,-1.7918254892288885,-1.7723992868120553,-1.771569285507925,-1.799945802018283,-1.7606222659901323,-1.7733374931621604,-1.7746501668318382,-1.7817848493503037,-1.7819030090121746,-1.7963423306278223,-1.8111587058603322,-1.803674449846757,-1.7758704471324174,-1.7989069641386968,-1.784008603016952,-1.7630408048905473,-1.8106321915349555,-1.749364892852621,-1.785553385042798,-1.8073319454872563,-1.7565159325512838
ts 6 std,0.0003644404954979649,0.0001642078628291374,0.00039685872147063745,0.0003804827812152714,0.0001573362982407762,0.0003867135039665921,0.0003180969971437271,0.0003867482766678091,0.0003373953029600264,0.0003597871139807331,0.0003862734691724136,0.00037403689860002095,0.00036576938713036834,0.00033570832817224957,0.00020667437022408618,0.00030707229552557377,0.00023055312100657869,0.00035896894617464827,0.00025355352759909235,0.00037360085365605603,0.0003617390498048927,0.00035776008956659263,0.0003625360907928572,0.0003646540004846583,0.00024487542504889444,0.00036140117442888916,0.00036260314812851333,0.0003726294585639021,0.0002774966357233477,0.0003630829078735268,0.00032169341559998613,0.00011890769245155588,0.0002935769774777759,0.00037069081672699687,0.00033531679511398745,0.0001885980079600502,5.6250003344215616e-05,0.00034973810959349296,0.00021240141355253423,0.0003363736788123733,0.00030414783054600437,0.00032192385808925845,0.00016098946530586906,0.0002839531927229625,0.0003281809832381769,0.00015369217592534583,0.0003164335927290589,0.000252261367081645,0.0003452514963256871,0.00035094319459931186
ts 7 slope,0.007240901098198719,-0.37341850839843144,-0.7430502680680223,-0.7236037249606289,-0.7113172879649904,-1.0042889159053008,-1.132025903581274,-1.2847960446075806,-1.2033483191604717,-1.3934886469602794,-1.4112286668072125,-1.4374019575673933,-1.3287984593873727,-1.6316521763749992,-1.6260988649197892,-1.6561603173494641,-1.6837285263353088,-1.6686271165292288,-1.6833577983761376,-1.7271880818258827,-1.7345855807986748,-1.7502259444701975,-1.7865507419711482,-1.7630615244033518,-1.7853685098335956,-1.7379227898714704,-1.7373630146620211,-1.7889209831996398,-1.778253902636508,-1.771332288948323,-1.8117129799164862,-1.8201748369072,-1.8034782279484438,-1.7669486775720984,-1.7791806358904432,-1.7793390322539422,-1.7857367339331072,-1.7734744506860702,-1.8140631747379787,-1.8120056472183474,-1.7868381752887958,-1.8167721021322525,-1.7795202419599592,-1.7705438007889813,-1.7728824112854216,-1.8117902334242824,-1.789527901249323,-1.7958675506006685,-1.7975915997695437,-1.792148378735771
ts 7 std,0.0003332166690423469,0.000332971611386769,0.00036272939108735396,0.0003727860314840916,0.00025592781438080994,0.0003616329745745607,0.00038389792200896165,0.00019436535105979107,0.00012900034713225826,0.0003690454323815588,0.0003594985560118761,0.00037988189365186425,4.841232113034247e-05,0.0002780201015380709,0.00037841800693498936,0.00030245876027068974,0.00036019781097998345,0.0002389469988607464,0.00012704567088342425,0.00037667654916657387,0.00021811385070789066,0.00032102193291316767,0.00034151060555777125,0.0003606110249293707,0.00032774396458258185,0.0003109019249428636,0.00035949699084438874,0.00035611261307714977,0.00012605590047077273,0.00034995622721222707,0.0003553860249883709,0.000354886877409492,0.0003074582069944109,0.00037123305874196914,0.0002166691234345426,0.00032645878231944204,0.00037990557114497196,0.00022587597972214684,0.0003717567525054129,0.0003510616470576941,0.00035811476914708053,0.0003487837915804328,0.0003486154882784749,0.0003323120563209215,0.00035529985329972255,0.00028193433101994346,0.0003601785781494027,0.00035605299151372094,0.0003733119165110048,0.00012415748278596887
ts 8 slope,0.008868342266089327,-0.291464062330416,-0.7030071388485674,-0.7380761466656414,-0.7621697258396332,-1.018036324545624,-1.1352104533792293,-1.2179060159391182,-1.2713153000385928,-1.4029667670242516,-1.3743688516945267,-1.3824368696234786,-1.3681926364665873,-1.6520330436029245,-1.6564390182093294,-1.6954289185450135,-1.6918561612099687,-1.7205494320447572,-1.698844137983693,-1.6883492679138987,-1.7396419560832677,-1.7216240489053671,-1.7193532116675612,-1.7573048575423071,-1.7705919420034246,-1.7424460581786154,-1.7945267926084751,-1.7672205096551568,-1.7890843661524105,-1.7541731479597351,-1.7987527218667485,-1.7898136935762645,-1.7899949475930428,-1.799897233984853,-1.7992709369598416,-1.7606187794641457,-1.8013069918770943,-1.7962479949350427,-1.8126669051209965,-1.806639501864707,-1.7963006637214094,-1.7892798728594486,-1.820305920902308,-1.802961765411016,-1.8063515609064305,-1.8048506220238958,-1.787676040000823,-1.804940648803902,-1.7870447329449908,-1.7950207229354176
ts 8 std,0.00036838233736036826,0.00030212251163572315,0.00036244182160534715,0.0003728886924567997,0.00038099894497657335,0.00033348094822080525,0.0003293080811644984,0.00036226661318540976,0.0003632013330476937,0.0003222128293390879,0.0003691472596552952,0.00036204701787491124,0.00028184525000078767,0.0002585394251039572,0.00016998543490394103,0.00029891495073177077,0.00036777365802014874,0.0002957929370239167,0.0003051175403782558,0.0003705237128061455,0.00033518962254590177,0.0003724676400001274,0.00034877657706130713,0.0002543273913087765,0.0003397045654772031,0.00030686802386882534,0.00010253987211820079,0.0002655691523481776,0.00019901193830759397,0.0003195588024807231,0.00032180424982269267,0.0003834405221566321,0.0003687096566705682,0.0003094777117404527,6.802618472915426e-05,0.0003846376972012825,0.00029234259520795076,0.00011999920327516278,0.00034867723725289087,0.0002619343026293404,9.024438984031041e-05,0.00031895970016415675,0.0003516356993006722,0.00031706732934320167,0.00034556628308725937,0.00034822845059268595,0.00018388305633276763,0.0002570444864578059,0.0003071314069596243,0.00024752272565866046
ts 9 slope,0.02624582306680193,-0.36941427344507916,-0.7219125184816085,-0.6969610839239847,-0.7556891207227592,-0.8696517394158503,-1.23660854915296,-1.24387313217222,-1.3073153363331587,-1.3699432286376376,-1.3926622633325147,-1.4597792991345628,-1.413214320831258,-1.6377655113278586,-1.64104077429398,-1.6832244488450252,-1.682588527551765,-1.7307440870732287,-1.7046204662635969,-1.740212351556734,-1.7527309177049974,-1.7447244362148617,-1.748461924902095,-1.7491043377321593,-1.7698357532053501,-1.7468418612426695,-1.7955321437816585,-1.8032970267315014,-1.7872798358695805,-1.8074313650683522,-1.7990642476718124,-1.7797260930796046,-1.780027316606063,-1.7922331087141612,-1.7924723873883055,-1.7749137685699095,-1.7886537480627704,-1.799048801363742,-1.8184580409536024,-1.7778414933395525,-1.8050705264781393,-1.8095605243349255,-1.7945227798910566,-1.8187767353797184,-1.8199563220637276,-1.757075761478798,-1.7766553206066116,-1.8081727837888777,-1.7809285573108933,-1.7495398470340946
ts 9 std,0.0003545469392580489,0.00034306262548348287,0.00034833756618991396,0.0003435165323263722,0.000366378179228129,0.00011607540733867381,0.00010682607476809141,0.00034301702910251243,0.00034324480778845823,0.0003556309962671587,0.00035350225091628667,0.00034405283078548795,0.00036557410777197566,0.00036644928432401244,0.0001652334791457317,0.00026084561223079866,0.00013688864084690413,0.00010676321792495187,0.0002815597180859123,0.000139221421419793,0.0003530972440247334,0.0003471509138755258,8.666284597043198e-05,0.00034490669580940214,0.00035629221228108455,0.00035203939434686686,0.0003531274790716784,0.0003530521623893601,4.7590701965612153e-05,0.00032502041987236824,0.0002039991371366608,0.00035834350808443483,0.00037408458342897083,0.00012231406390587858,0.0003423658070602977,0.0003595673107002177,0.00037962461472582993,0.00033521091649883343,0.0003392482697332485,0.0003173455805476671,0.00012893012467858918,0.0002842762954184362,0.00036855967837496684,0.0003564130967931781,0.0002649271541704117,0.0003382885008157791,0.00036837491144606845,0.0002269445756988201,0.00031286449471139,0.0003399148959691671
ts 10 slope,0.0512116909245403,-0.37244345676053714,-0.7131756242148637,-0.6967285716588495,-0.6874626292958637,-1.0054180616282917,-1.062102246088372,-1.2400092958822677,-1.2632310375571218,-1.457608126607333,-1.4274411631463173,-1.4449751772105581,-1.3984829930640346,-1.6137971660870891,-1.631530607466506,-1.6337263427625242,-1.6846717210000015,-1.6816936048037379,-1.6870713927475864,-1.7462033995939736,-1.7453696837185935,-1.7412372227525645,-1.7699071783356082,-1.7586609340616697,-1.7813877609601811,-1.7880978367274714,-1.7730092401031559,-1.7822492966502326,-1.7719123484599733,-1.7636606388530327,-1.7798679348502289,-1.8134727898510248,-1.7980995020132333,-1.7919135928520065,-1.8203213430697955,-1.8069390232621245,-1.790639292737297,-1.7793612569514747,-1.7803531510170185,-1.785229235425931,-1.8013553244644511,-1.7686835147470918,-1.7872759242061969,-1.8062478139276346,-1.8037815269798616,-1.8052912808393065,-1.7880748377007503,-1.7812712834350841,-1.7775912384692614,-1.7992394904233682
ts 10 std,0.00032390219615608784,0.0003288893889765774,0.00037279984708687725,0.0003727955471801793,0.0002350197152779065,0.00036708265318949714,0.00030317242097502485,0.0003699837197732068,0.00036582461127849413,0.00019584704070172533,0.0003704587650542793,0.00019791283380774102,0.0002579630670983317,0.00024469759999655384,0.00037607999459604975,0.00035641247369646515,0.00039212602613292695,0.0003807479763706804,0.0003547287000683893,0.00026794763713127134,0.00035010787517829144,0.00017448857141508174,0.0003331664537675273,0.00036905401588479804,0.0002782107032028724,0.0003676456886109229,0.00029802836594709233,0.0003843776527676249,0.00014611520940354083,0.0003042405296899807,0.0003679155123833641,0.0003504429248681881,0.0003563442516673251,0.00035889126328338426,0.0003603958102967447,0.00036146935112887777,0.00017646539283094195,0.0003808944984738572,0.00033707841681211026,0.0003585508214406082,0.00031497907197706277,0.0003348751682607606,0.00024089954815729016,0.00014499866108248332,0.00016132374034004909,0.0003602567375310135,0.0003536781421737766,5.589545470322356e-05,0.0003537140429300009,0.000296337751905815
ts 11 slope,-0.17495532334126104,-0.3931746455420441,-0.7179055461372047,-0.5872007222451817,-0.7664380044272046,-1.0045424449719762,-1.107872232325438,-1.226865533429036,-1.3038501459159826,-1.4242762770581023,-1.371648776266276,-1.3720107654381026,-1.4088092753233483,-1.5945371600509588,-1.6383082028840823,-1.6328512546375933,-1.6826790225614852,-1.692675836524537,-1.7163646940766006,-1.696021131723242,-1.7618458878075998,-1.7372993876025435,-1.7600961749726223,-1.7950205938072705,-1.7722839990716466,-1.7899357601824974,-1.7926166632792349,-1.7810132061361832,-1.7673138655432508,-1.770035734415981,-1.699731014403284,-1.7639752719355257,-1.7953874370972933,-1.83484559680909,-1.773571565320327,-1.8146163368685948,-1.785569883279746,-1.782300013652843,-1.8049107925033856,-1.7916317489945142,-1.7832267271236113,-1.778794571438698,-1.792306189633221,-1.7696254804726437,-1.7972587182246824,-1.7853880735766767,-1.783915601055934,-1.7938548003068988,-1.7923881326583737,-1.7621824149217058
ts 11 std,0.00019628395180249067,0.0003223830044443381,0.000356695564289186,0.00015698651457597104,0.0003617032812736076,0.00032895277225052685,0.0003842579674535342,0.000364068429525187,0.000384886000543555,0.00030116346346801507,0.0003678690407099883,0.0001585462457351056,0.0003607991253581622,0.00013650225737076764,0.00036432251722805546,0.00027817109918364905,0.00013726730196028913,0.0003709888863799834,0.0003165651507180228,0.00024999650645750565,0.0003697999100730933,0.00035069602735512414,0.0003750650325563105,0.00035406395600703076,0.0001405050404270107,0.00029093728331653387,0.00017121113178407562,0.0003481751429075222,0.000316223059893848,0.0003461551994549017,0.0003687744661727142,0.00031268408719004086,0.00017483465686360795,0.00035687320318612646,0.00033935615273734623,0.0002704359268611953,0.000328429567605889,0.0003574604199773028,0.0003336950259227332,0.00038263612321000855,0.00023239022107622679,0.0003643475405506614,0.0001643978419448424,0.00035030628595396015,0.0003649786139217111,0.00016075861849399522,0.0003594942997373941,0.0003303943841302986,9.41854190801677e-05,0.00034766979665716097
ts 12 slope,-0.026894815425913165,-0.3957397777019014,-0.6939297457289652,-0.6409894733547414,-0.6591168639049357,-1.0440158129495263,-1.1285226006134983,-1.3529285366674018,-1.2761931534742104,-1.3319303045817052,-1.4290496974792546,-1.3750402630238037,-1.4142381167512297,-1.598051063369654,-1.6174786169163546,-1.6714150345737815,-1.7018141861406355,-1.7019778959122356,-1.6741759835896537,-1.7561741333743022,-1.7025174477371567,-1.7269155631394817,-1.7397950836575655,-1.769113586934422,-1.7825482378514745,-1.7899336471520695,-1.761851092063468,-1.7575564370361467,-1.7794933758812606,-1.7713416992154973,-1.805222442679919,-1.7938574734754225,-1.7856920338425935,-1.8069489889787114,-1.7721845968585916,-1.798268710486714,-1.8118927618963094,-1.7623053721945239,-1.8059323045482094,-1.8203332206829346,-1.7947974755857259,-1.8011383794486915,-1.8063132029035363,-1.778257087392848,-1.8101292197848524,-1.7880346299817558,-1.7828840813919387,-1.7691561223004308,-1.769261184599903,-1.7856426728838808
ts 12 std,0.00032854197017095763,0.0003782435119369026,0.00038302791942797595,0.00022370355366242828,0.00017812298804516696,0.0003331500359094669,0.00034892622245784967,7.938649975365105e-05,0.0003704963760922136,0.0001609315928885933,0.00026836607173825826,0.00037506291571580484,0.0003673149792604741,0.0003217706950929205,0.0003431203668792305,0.00034992740535402025,0.00032999200034075464,0.00032904515611018877,0.00035045125703743186,0.0003635895934705015,0.0003339830916733762,0.00036282724141681235,0.0002494821937122564,0.00035836089355399686,0.0002517281076780195,0.0003699622920469311,0.00031115339845640426,0.00037892199647953176,9.7246089038453e-05,0.00019427405875635818,0.00034412432174029073,0.00032585765977139776,0.0003702430683667667,0.0002890416366185496,0.00036017749872982013,0.00014113138949941334,0.0003657812319823188,0.00036621551761730864,0.0003760349252220181,0.0003395055175602535,0.0003569239547823284,0.0003709886296786697,0.00034600203227500486,0.00021496479706791126,0.0003579110177852605,0.0003324362335918008,0.0003626835117082186,0.00036010080965409623,0.0002900431342429144,0.00031650185212333084
ts 13 slope,-0.09011985429788119,-0.37707785301241276,-0.6438233048447515,-0.8194052795579417,-0.7931311100850078,-0.9708188042817809,-1.0921600408905363,-1.2403143811622912,-1.270590539528382,-1.327207567604222,-1.4349783905336075,-1.4661042195748368,-1.4029864950500819,-1.6073359737885966,-1.6338215276725845,-1.622890901917335,-1.6963511577380166,-1.6944902620719275,-1.717294158949019,-1.75404350091306,-1.7488734906994219,-1.7498107239883394,-1.7425882956646308,-1.7388375834286611,-1.7874849144088842,-1.7654278917374744,-1.7801703227411172,-1.7551298879825874,-1.7673741586603482,-1.7921675036880873,-1.7576256796550067,-1.7979351153920746,-1.7834459872658721,-1.8172442144162455,-1.8018602215258952,-1.7874891623318652,-1.7916433502640028,-1.7951242515050458,-1.7652902866440898,-1.7805249421223746,-1.8121360078488056,-1.7599902228508315,-1.8036315541601038,-1.781944634064211,-1.77892095126001,-1.771734331721278,-1.808454289593298,-1.780941485020768,-1.780310990070887,-1.7896916393891187
ts 13 std,0.0002773015334894362,0.00033496808054799383,0.0002889674194968674,0.00020958333492316557,0.00028868485364043,0.000347564675168388,0.0003804093887244266,0.0003901003974811806,0.00037891126420714765,8.82094523470098e-05,0.00036349995918835053,0.00035271326795689555,0.00030081822816780594,0.0003560922889887215,0.000360446296013915,0.00037081436535273013,0.00019660030272165843,0.00030522932229583126,0.00030094444985587324,0.00033573608758204036,0.00031296297997800203,0.00035056558738784724,0.0003242317513906253,0.00036037545369534715,0.00023068872587447714,0.00036435126520817493,0.0003561177633241273,0.0003190487035399246,0.00019533086801491113,0.0003322249546037542,0.0002561743952331424,0.0003647970463334404,0.00033596874305385566,0.0003558595980546213,0.0003555871845748952,0.00025432335840272166,0.00037328124980837173,0.00028626186116989354,0.0003814424496328018,4.82232977485347e-05,0.00036100515862807494,0.0003611126093998102,0.00018550259313260682,0.00016267112748971898,0.000351559835529475,0.00036328232928926457,0.0003473805164299974,0.00035624496806712616,6.313874106158555e-05,0.00031032709325554565
ts 14 slope,-0.19235777011916855,-0.3553048550752985,-0.8256577685680389,-0.7022409564270521,-0.7698850426904686,-1.0078594897789999,-0.9916071290990612,-1.1856037055101787,-1.2667353761811753,-1.3963058603272918,-1.4126508147373813,-1.428568401302999,-1.426803263883125,-1.5986678829308432,-1.6166815173801565,-1.636176220227095,-1.700542648502675,-1.702634107462265,-1.7161446170065724,-1.7490515241192464,-1.7291037290990456,-1.7728397907064177,-1.7755955732252737,-1.7654048596046326,-1.760887180087353,-1.7650459591119037,-1.7390006302491767,-1.7943276920949451,-1.7698236380148864,-1.7943603180731882,-1.801240087053684,-1.7763781422074765,-1.7811132817327604,-1.7850665254373488,-1.806441828178062,-1.8112756601582927,-1.7856333649537681,-1.8171705217115688,-1.7977500663846104,-1.7936960743278583,-1.8062068515887102,-1.7967664985217695,-1.8163084103042286,-1.797710573314776,-1.7720061612846223,-1.819854682644524,-1.8346996597017122,-1.8125124905164711,-1.7967037272478927,-1.8103830225305673
ts 14 std,0.00019040291307154017,0.0003609732718855143,0.00013708330453929488,0.0003490726622713761,0.0003444365239904065,0.0003727167028482792,6.656425693101925e-05,0.0002320720772737308,0.00035972873351766254,0.00035195941647253517,0.00038455602232924667,0.0003926801036088025,0.00035064873056876586,0.0003724444831277064,0.0003573870068488418,0.0003758657969933048,0.00035790943216469753,0.0003722146214507321,0.0003229380993925757,0.00034755878862113967,0.0003200303466561914,0.00034230633595662326,0.00022972129187818932,0.0002664887413348124,0.00023773258996196973,0.0003144264787684855,0.000342093323025217,0.00035923201269464,0.00019952557669970515,0.0003607076590250814,0.00014722782758951053,0.00036129168701246284,0.0002982234876167052,0.00035954433463647635,0.0003601139397642266,0.00027766911931121843,0.00022348188893054575,0.0003507554486834441,0.000342570384935661,0.00019048213340290855,0.0003459707455465933,0.00028753163831765215,0.0001033993574195285,0.0003605119255110039,0.0003388056353111122,0.00034521261502462776,0.00024332274954484354,0.0003685289360962252,0.00035011427706242617,0.00037426104960216203
ts 15 slope,-0.01890790546163558,-0.33987771192390437,-0.649288386734894,-0.851597094839188,-0.7510013159312198,-0.877040849941938,-1.1250084427799965,-1.2208719107933252,-1.2671831308627866,-1.3891048073376568,-1.4094896504544574,-1.456831251313548,-1.3918105061209163,-1.603076696581212,-1.6297286662906205,-1.6342338270418297,-1.6719177745192848,-1.699920720205766,-1.6934398257706083,-1.7230641742678081,-1.7694582019724092,-1.7086050128708106,-1.759483967620708,-1.7476466795122536,-1.7764357011840501,-1.7723831449221088,-1.7723172555183082,-1.7788189370825043,-1.7573549213610091,-1.7703054364830357,-1.8142428921259077,-1.8016164664533931,-1.8222170792131942,-1.785460738276422,-1.7973797246001744,-1.8010919141258883,-1.8107341362880844,-1.8196171189429955,-1.811903605002881,-1.7785299345010106,-1.8011800285058128,-1.7891574582437741,-1.7752310831268436,-1.8048421663468621,-1.8016310809976395,-1.7536016228276157,-1.7768425212463848,-1.795652192976543,-1.7815338150508877,-1.7851264650544296
ts 15 std,0.0003577273541892945,0.0003468574336943607,0.00025988823680118896,0.00016674266441177505,0.0003832239329431004,9.14176926103911e-05,0.0003830963157005207,0.0003492337322355735,0.00037363413875342907,0.000367121065451576,0.0003111833472909451,0.000352143272212141,0.00022887066094357761,0.0003354524055166639,0.0002982236850763268,0.0003683148501444661,0.0002945644603215848,0.0003946126057827183,0.0003563143014044732,0.00023455748582933744,0.00027286017527351265,0.0003372487900913953,0.00038000144413043337,0.00032746467466243895,0.0003695732414580427,0.0002975485657525199,0.000329361948994634,0.00035387107001156557,0.00021646333914216253,0.0002183310847552514,0.00037248095073188136,0.00033980064136068675,0.0003608632776475361,0.00033601960361406916,0.00035008414878998377,0.0003025062751210228,0.00036469500944445184,0.0003349659110502922,0.000315369285660318,0.00034154802385620987,7.280101756754285e-05,0.00024003826143717994,0.00032580588146736896,0.0003414343602831036,0.00030803811643863245,0.00034893062309803336,0.0003493799135925882,0.00036775404831700846,0.00036513480823663114,0.0001486365049639093
ts 16 slope,0.06746405596619352,-0.47049567985908664,-0.8003022629745575,-0.7017193941077673,-0.735232309273679,-1.0021546012905873,-1.1197045356556297,-1.197684215729182,-1.2889853919325736,-1.4238423643257339,-1.4888932684178136,-1.4225171730936987,-1.443139724556567,-1.6197558301370543,-1.6168171674537313,-1.6470051742522822,-1.7082339369642936,-1.7263763490515278,-1.6843140677133785,-1.7459686911469998,-1.7455322474887094,-1.7270105324347496,-1.7665471098080032,-1.7805354237146664,-1.7772845576815295,-1.7636854717974195,-1.7703429752559208,-1.7578534567922666,-1.8066577726287727,-1.7979046366602789,-1.8102165510812662,-1.7833038190572454,-1.7711568846473011,-1.759259164900555,-1.789382087433218,-1.7646017727974848,-1.8148858945509436,-1.8055925279680427,-1.781686363673965,-1.808552326535337,-1.7775891433282762,-1.7861086586075317,-1.79750673306691,-1.7851706973028756,-1.789306831350645,-1.7728373514555305,-1.7846428877169551,-1.8070736472273574,-1.790418218622875,-1.7942627629670445
ts 16 std,0.00033690791822313913,0.0002312274290787517,0.00026652451831361357,0.0003621821225603529,0.00036979207096698356,0.00036747762203540935,0.00038215141616343895,0.00038299876845853065,0.00037326884770280845,0.0003591863427965038,8.442587385013165e-05,0.0003714099716783413,0.00037054970685689676,0.0003485181033840711,0.00031698216101908825,0.0001265413424252749,0.00037692551691369643,0.00037300741426742664,0.0003689654976172143,0.00035198712658476367,0.0002762414798695392,0.00018917288085242148,0.00034188131202064466,0.0003607573264068983,0.0002886133496067985,0.00030994853433115093,0.00015857329141680433,0.00019801062830425526,0.00022858765618998634,9.442658834720577e-05,0.00037476687011885453,0.00018226285417817766,9.897089302984892e-05,0.00034217359891997734,0.00037405781125098757,0.00035706913745701447,0.0003594727986638803,0.00037856155363629265,0.00034611981082137747,0.0003152432456546689,8.60686733910215e-05,0.00034135018039332254,0.00032793938627783027,0.0002740658714802761,0.00033225204602994836,0.00030165980310952205,0.00020499237630481145,0.00022425348924743724,0.00013643653136454121,0.00014854350362112346
ts 17 slope,-0.10329494648185022,-0.3512112572231273,-0.7027975486799071,-0.7019875117160279,-0.6869825863411424,-1.018124624436657,-1.1589735180316318,-1.2581909500239687,-1.3073535257792464,-1.4029397469726526,-1.4272263545463446,-1.4468329341548154,-1.467075291876307,-1.604660709619825,-1.6255636500068742,-1.633588915750666,-1.6807432796984474,-1.6900633652911046,-1.6929271240585477,-1.7433137490232833,-1.7156787096567025,-1.7141680220328994,-1.7619600323858946,-1.7744525273035059,-1.7801862273110007,-1.7398232622625946,-1.7812858573797918,-1.7642100737466206,-1.7814962004836012,-1.7705403582426478,-1.775828862896644,-1.8133134345953796,-1.7928732105468344,-1.7858430057833559,-1.787477979416074,-1.782310758964627,-1.7985003951221128,-1.8007994921040489,-1.7796588193225695,-1.7455635936110965,-1.7894311713532745,-1.805731150824541,-1.81596876413523,-1.7729667555369144,-1.7873902641974189,-1.810435799985554,-1.7830452023187777,-1.7619947463983279,-1.784792572457646,-1.7795313702219009
ts 17 std,0.0002597553883342889,0.0003757135549628649,0.0003691245381571243,0.0003653327188544702,0.0002407949702738098,0.0003679517998048558,0.0002943851029040609,0.00036496690585373706,0.0003660389789786823,0.0003706708837076718,0.0003217736430709826,0.00030755884596831275,0.00018449774388596822,0.000374175716947221,0.0003229783445987242,0.00037022208211279163,9.346867401549501e-05,0.0002762691929125968,0.00035372985717060284,0.00022688113964853228,0.00036385521806381647,0.0003549250206626995,0.0002674292187067283,0.00013391332352387933,0.00032398143999425364,0.00020070415155734792,0.00022307720566387107,0.0003474750290697351,0.00018619507888698218,0.0003991909110468111,0.0001585377030719261,0.0003564799238699366,0.0003546542332335191,0.00027989121835218415,0.00036881207369116167,0.0003485107788643073,0.00013431530197809577,0.00034700839288133217,0.0003462320701746466,0.0003609216927589292,0.0002675265043143575,0.00037290714173563897,0.0002533576244380829,0.00035669723567526083,0.000292677867803877,0.00012713272642573425,0.00033156070475742994,0.00031295880590363843,0.000357318089629055,0.0003196207256938856
ts 18 slope,0.04527122826515309,-0.46522966453626097,-0.5145529551504789,-0.7547851764972785,-0.7517379384375317,-1.020023794814028,-1.199045295799282,-1.2497055803861965,-1.3555683964431227,-1.3759944111721116,-1.445798010822836,-1.3587856816460846,-1.4776791314998112,-1.660186743597498,-1.6522385923870142,-1.651992555985909,-1.691092819067935,-1.704572966967296,-1.7445064003956896,-1.716858805924451,-1.7363991536982275,-1.7316023649537038,-1.7458066092520053,-1.8038619849680402,-1.7508520526989038,-1.807755996211774,-1.7811093946510785,-1.7574912146514345,-1.7712931317961926,-1.7479596106000375,-1.7905537390115887,-1.771195677296455,-1.7645033999786475,-1.7698975860244939,-1.7899274730776737,-1.797436123615604,-1.795188646373041,-1.7810347054282056,-1.8032895616680182,-1.7902922510015196,-1.8274679040561659,-1.7703003827667094,-1.790910212621461,-1.8096712545381821,-1.795634718269484,-1.798021439045247,-1.805943556294213,-1.7782077669245075,-1.799111821812518,-1.7950446463532792
ts 18 std,0.0003136227527837315,0.00023440016740428223,5.480758404600292e-05,0.00032364288479623055,0.00036110953621830557,0.00035675121548919077,0.0001357210265663539,0.0002833649166379038,0.0001592091028641268,0.0003774218061865445,0.0002483699233798998,0.00010096411024136509,0.0001560978840571921,0.00016332586614083868,0.0002572185204333113,0.000351899146254122,0.0003369407992498101,0.0003553571224606773,0.0003677548431683866,0.00013899196748991214,0.0003588756007033514,0.0003644636772572621,0.00032062632550976835,0.0003470517877240727,0.0003774042175474458,0.00018955637384491557,0.0003415038611638676,0.00014570004972435987,0.00033524305785964594,0.00036384065495500054,8.88203488342843e-05,0.00013940676453707047,0.00037755080167866317,0.00031276190249080154,0.00034848579419338244,0.00023058521187957823,0.0003579410793102931,0.00018391435209523085,0.00012982295426141395,0.00034646744840775525,0.00022870556701110625,0.0002730354960562901,0.0003255378736360176,0.00023653688405676058,0.000361647550977095,0.00036393952798878044,0.00026594116196992343,0.00033321512728039335,0.00013817840110241648,0.00035127870988913674
ts 19 slope,0.3606873761630621,-0.3519772269634069,-0.72785609098863,-0.5684337673268082,-0.7333974780142757,-1.0560307595165361,-1.0746872711664754,-1.229183021867603,-1.1986239687467084,-1.4136258777942357,-1.4009038264645797,-1.4305212378106178,-1.4160834587190783,-1.5923068505923221,-1.6046343713266258,-1.689717886623323,-1.67725550901713,-1.6938443761214805,-1.714660302316689,-1.7455977376332543,-1.7562642501629309,-1.7436055249755844,-1.7355517576666795,-1.777507559233613,-1.7759771211182418,-1.797850065112403,-1.7973174644221892,-1.7835909512088934,-1.79850491830083,-1.7928751921907733,-1.7922488212918721,-1.7789466603382504,-1.8115454660721844,-1.7938682187851092,-1.781280068509996,-1.774013719126843,-1.7929326588421555,-1.8176668684719997,-1.7874999842580692,-1.7988252878001278,-1.8065346852108244,-1.7765876484212382,-1.7865698973186104,-1.758169793209029,-1.812359484587994,-1.793971036804687,-1.795911023254806,-1.7775284690508295,-1.7783975879119152,-1.779988753615804
ts 19 std,8.451144800357525e-05,0.00035292805615550225,0.00033588482042909933,0.00011925134070917951,0.000345857437949676,0.00024145232109188585,0.00030538845903239724,0.00036958228123713707,0.00010077832305746473,0.0003449215042260486,0.00032407795245360696,0.0002771772216198926,0.00036739869534384973,0.0003675519402036799,0.00037646490435400815,0.0003631268091122578,0.0003758241888793514,0.00023114623199072193,0.00019196558172833786,0.00015954731132448795,0.00035721015561188254,0.00020075114146033627,0.0003429016672251845,0.0002667122124570084,0.00034009314044877,0.0003706163541729388,0.00026804717512920204,0.00037156619967570467,0.0002488580086842586,0.0003661541024503124,0.0003559676756001312,0.0003596759542977219,0.0003508664170038321,0.0003507417165709582,0.0003126056918639329,0.00037551953496969256,9.958860398226354e-05,0.0003771873129524905,0.00011750930440619085,0.00036995813430283875,0.0003328924755200864,0.00036301418033052546,0.0003721289078445559,0.0002772533014110931,8.212267942655728e-05,0.0003448382859158897,0.00030656178081489414,0.0003604438354848516,0.0002705001366616175,0.00033069859549262454
