,100.0,15.280114243121403,8.284493323872798,6.283708529531918,4.036638070050958,3.654138625499007,3.270818551248145,2.3548273810803644,1.4429895289083832,1.3847319873572856,0.8106316340206555,0.7423903617221039,0.4536648820658367,0.4388756298064174,0.24494183921391557,0.2231790262816516,0.1915686569624517,0.15603431593885056,0.13934220616798182,0.09156650684096986,0.08830548926014321,0.08112049997491524,0.0713983673410881,0.0676392382836297,0.06509134432762118,0.060468583141614164,0.0595046120105786,0.055591390913586614,0.0470948275244218,0.0464032051144223,0.04638528743540676,0.03738344549800397,0.03257434045023544,0.03246683437614225,0.02125036731241982,0.017415984003096175,0.015337533237294572,0.013259082471492972,0.013223247113461912,0.012578210668902795,0.011216467063722434,0.01064310133522544,0.010033900248697387,0.009998064890666321,0.008958839507765522,0.008528815211392777,0.008385473779268529,0.008170461631082157,0.00806295555698897,0.007847943408802596
ts 0 slope,-0.03763814912636459,-1.3769548949404227,-1.5679553880016175,-1.66844057375542,-1.707529865620373,-1.7402729979141134,-1.7225672524123228,-1.7694214365752932,-1.8035133817237659,-1.6988318964491633,-1.778150598479126,-1.8184508345962838,-1.7608092591184308,-1.7784654333689043,-1.808839141089658,-1.8334870647620796,-1.759733498524924,-1.8287799986167215,-1.731923543086998,-1.831554645573609,-1.8057690102556647,-1.770820320465479,-1.8066653045389423,-1.8311035823673774,-1.811417720566021,-1.8080409088481486,-1.805898862998417,-1.802560553130669,-1.8147898395008968,-1.7604644920592767,-1.8432641460413615,-1.7700585107069269,-1.8144928099468451,-1.7806969682400209,-1.7990304715910705,-1.7372713726111633,-1.7895416097907009,-1.7834481587414739,-1.802453365316885,-1.8279044134752378,-1.7219527505786003,-1.7936119500215006,-1.8141658213388863,-1.7712813310640398,-1.7651570587667849,-1.8166665497209933,-1.7741189926730796,-1.7641913528282334,-1.8186974494607027,-1.8323654676986727
ts 0 std,0.0003566254354986396,0.00036606883198245005,0.00035191668335985755,0.00019735218224069154,0.00015889303023663005,0.00033759713337870226,0.0002816897248010308,0.00036476284450684225,0.0003015283580754357,0.00035504679236172314,0.0003701833724134706,0.00011627529218458093,0.0003469313014496343,0.00013818908626940185,0.00037878088001011106,0.0003571119213498886,0.00035390191456341474,0.0002096442117539566,0.00014588836500163457,0.0003281730758272382,0.0003165674270415519,0.00019104006595355313,0.0003549236202171918,0.00035929715214574914,0.00033598744215655485,0.00024721824891012515,0.00036649804658423304,0.0003610602224507629,0.000373042362734067,0.00034262461891251963,0.00038145955097215365,0.00027846907359720975,0.0003518826862903213,0.0003259219808067719,0.0003437957912692638,0.00030968574313643864,0.000359182453364707,0.0003323503954488126,0.0003654284903303776,0.00017545140483543473,0.0002827065447732658,0.00033179310914438774,0.00013269973123019286,0.0002455224042395747,0.0003435853935677678,0.00035770271005742497,0.00033666878766407387,0.00018934528898157424,0.0002868803680106966,0.00012144798820469055
ts 1 slope,0.17238225220884112,-1.2686301936147686,-1.6029135703917745,-1.6664536551394677,-1.5994624838989284,-1.6651885265298845,-1.612562948406011,-1.7426031408215137,-1.7708532298506858,-1.8771356630051081,-1.901759122312138,-1.6869290692328274,-1.937826062337804,-1.7759064905646584,-1.7221264224872708,-1.7892872577477925,-1.8408973773979767,-1.7790968068033288,-1.7067441669291352,-1.7406760056449118,-1.789227356036802,-1.793404864300779,-1.9001928235511576,-1.8692552720735516,-1.8803973493294615,-1.7422132116436733,-1.8568912788547436,-1.8099100357115394,-1.787017829532374,-1.8058133183272733,-1.8911901069363664,-1.8258288103974776,-1.7898656403377733,-1.8034154764682524,-1.7872382555420998,-1.7598234705633922,-1.8374607826141496,-1.850503314324465,-1.8067457295824916,-1.800549324970443,-1.7201143328403468,-1.6982710882505194,-1.6778476750063451,-1.689521855903459,-1.8521099614795875,-1.8014902412799492,-1.7835946325069079,-1.665347576136048,-1.8845232749666323,-1.761052646968337
ts 1 std,0.00024378792313857248,0.00035315320929866785,0.0003475194874346065,0.00034075087010130705,0.00037502708943708355,0.0003553662573590458,0.0003463900065857208,0.00037653784925993725,0.0003538347193180681,0.0003176562293050633,0.00035762994309226535,0.0002649232013446089,0.00029934463726325806,0.0003517217862178921,0.00013300228855128683,0.00028438039682605133,0.00034658098253966777,0.0003640526908268951,0.00014826773512867684,0.00024741726873747405,0.0003461563344334891,0.00036641741977414726,0.00020886857421602336,0.00032674760871393566,0.00033046409705080596,0.0003432901877476832,0.0003368165016756113,0.00027951219216635915,0.0002433233225245286,0.00017641264650044528,0.000361620502403652,0.0003625384845311744,0.00027408737540040326,0.00036860011388163303,0.00034825517327995593,0.00033118641974728415,0.0003686610988846329,0.00037612259788561585,0.0003476032488151084,0.00035326400491279743,0.00017880613819199002,0.00035840532789662615,0.00019621168404263477,0.00034088218449918484,0.0003520166933187945,0.00036131739009939094,0.0003535958302876569,0.0001449968349184214,0.00025342021023748483,0.0001332650500578271
ts 2 slope,-0.020691304719488674,-1.4526112762101646,-1.4614841480471348,-1.5069324035975158,-1.687338197790435,-1.5852364108756873,-1.8301304180153497,-1.692073736698172,-1.765483696178695,-1.773729557253999,-1.793603802427667,-1.818388155091911,-1.7911565876400026,-1.7370417048427806,-1.7866664930907021,-2.0059679693591046,-1.827679276262406,-1.7663311347135913,-1.8099408586283792,-1.8410946689663488,-1.8482118028629624,-1.8002306169934486,-1.770541137500803,-1.7939816300954108,-1.8084440926965568,-1.9077587671648721,-1.8076581684697148,-1.7914721063676675,-1.8479528083272732,-1.7435183958363742,-1.6904740370044062,-1.7616421877796262,-1.8630865276561706,-1.8286538863927422,-1.6780065916892288,-1.7970542514290855,-1.8496036044649855,-1.8533372586439723,-1.730064072890912,-1.7881551623217373,-1.557180383742979,-1.8375464919136784,-1.8342514757663972,-1.851365788510424,-1.7727725371945866,-1.8118487841879662,-1.6869351665476764,-1.7884612865343108,-1.8118308989138765,-1.7423091902793861
ts 2 std,0.0002713327850199237,0.00023492172961398316,0.0003483403418379759,0.0003629298308594612,0.0002433520148907234,0.00030918510882360645,0.000301877717323411,0.00020514430551525468,0.0003647127702386187,0.00036234695109933226,0.0003585738942456843,0.00034930107534846835,0.0003563827806031404,0.00037207988575318747,0.00027827903119681535,0.0003185110049776551,0.00021494456886652862,0.00036523245222742305,0.0003633618729119767,3.925319529904701e-05,0.0003675775741799237,0.00036103338511688876,0.00035484070139588775,0.0003308768576456894,0.0003868608019373492,0.0003716301845599271,0.00029274733733865326,0.00024953102054772595,0.00036285161372512603,0.0002964217744019127,0.0002895996968422825,0.00036176455370973604,0.0003418392707855312,0.00030184889072588293,0.00035838921516036796,0.00036658613573364613,0.0003244578607835567,0.0003541972188734345,6.414506111996434e-05,0.00035764846378367934,0.000322941908859513,0.00023145651458150908,0.0003597940953550112,0.00034654281545615245,0.0003674846183900381,0.0003657067526299665,0.0003446665422447973,0.00021907988756355705,0.0003279717596061931,0.0003569379915618034
ts 3 slope,-0.07142265508661083,-1.3725125676880594,-1.4588144277225117,-1.6993218547664566,-1.6887116812564997,-1.7071918501815728,-1.8355765296221935,-1.7126396373515556,-1.8239587832681685,-1.699195417588428,-1.8050609803875717,-1.7789190935020123,-1.7493960444488965,-1.7476705372041899,-1.8260152404616117,-1.9414795422433118,-1.7823539971997115,-1.8417710207162865,-1.775391266611283,-1.8823749680997888,-1.763438670495412,-1.801491083671947,-1.7399047737942075,-1.831901982079135,-1.769442553122971,-1.7971894365191976,-1.820445168976935,-1.9121097182560889,-1.778202251979817,-1.8073078600389476,-1.7424431021997722,-1.8095720569953457,-1.864476810215801,-1.7601373430075622,-1.8567106514902414,-1.9101243370379695,-1.7788314871045439,-1.737675564332257,-1.8646256822076717,-1.812168778223297,-1.8194933522856842,-1.8704690814785578,-1.735615531788196,-1.7340519597945019,-1.802414638657834,-1.8317528205852032,-1.8281078232115118,-1.807576285418431,-1.80970181078142,-1.796619903324857
ts 3 std,0.00031595879616685095,0.0003705401879031802,0.0003086907386753251,0.0003290078654247229,0.00033479535400332333,0.00036010949506428335,0.00022157364493176386,0.00024310612623268727,6.997080317105375e-05,0.00020794632268816322,0.00036591224114045957,0.0003598331968555042,0.0003517294599399253,0.00027681986185347333,0.00036394671420856395,0.0002054624193835271,0.00028281565041340863,0.00035910627481142924,0.0003978878189639853,0.0001940052602640018,0.0003555958131992717,0.00036347281480596336,0.00019724068526700322,0.0001949231132851837,0.0003132333388861818,0.0003630006663662543,0.00031832556340447303,0.00016481018741233578,0.00034851113823820286,0.00025930398825227733,0.00024628973017514627,0.00034677477768568435,0.00035960606827434234,0.00035949102188651596,0.00035127801334262893,0.0002994431066945196,6.82471136840869e-05,0.0003428890980878158,0.0003446856585869964,0.00037408599356123764,0.0003696995558717433,0.0003671403846597013,0.00027579861551628335,0.00019116368688593488,0.00035126189201416176,0.00035703819366912615,0.0003715605611811656,0.00011919483109989042,0.00036578665482219055,6.823906128053788e-05
ts 4 slope,-0.009972088323840394,-1.3874896836358592,-1.5889820256039315,-1.6021988935401859,-1.6905131006650695,-1.7146243510536043,-1.7161244571951222,-1.7904416595093984,-1.7897018274299592,-1.76642883881479,-1.7668671031790615,-1.7599902043438287,-1.8096918858868822,-1.7530981322102956,-1.7803127265354914,-1.8006371265119714,-1.7825725080929724,-1.771752969518145,-1.8136948336529446,-1.802364251247332,-1.7942861676252198,-1.8010563378057074,-1.7983055581240237,-1.7673969959231477,-1.7954564419152759,-1.7561558108075312,-1.8135481609329807,-1.8173959325099298,-1.788072150905079,-1.7995098857931768,-1.8155824171685158,-1.807408430054234,-1.7693273369577842,-1.8086714197931697,-1.7648405390989605,-1.8120443810064184,-1.8076022395931417,-1.7893653600889985,-1.7896947459898542,-1.8153100496361154,-1.7816513941250092,-1.7665383828218957,-1.7975951349379784,-1.773255928567949,-1.805967830249163,-1.8288843278461886,-1.797362229872647,-1.8516918329433258,-1.7668748647846042,-1.7786181884616612
ts 4 std,0.0003619443298212182,0.00035870895031032404,0.00036968098867623626,0.00037040016695413027,0.00031552091656424623,0.00035536171765872656,0.00035292719638833214,0.00035187941827200176,0.00036385562223650045,0.0003673645140379702,0.0002569355941900878,0.00033140382161177,0.0002662956723003432,0.0003058272401155828,0.00037310006924723833,0.00035392035639193113,0.0001509205404967004,0.00035211072243702236,0.00037089629723012095,0.0002988038430282446,0.0002725945576697406,0.0003591463502133501,0.0002305928875999308,8.792270222267462e-05,0.00027864094686975304,0.00035673222156124484,0.0003703404431343447,0.00021318045606174275,0.0002098054714538768,0.0003202893231529091,0.00036772495873928213,0.0003628394141498881,0.00025833479483361183,0.00033419242938325077,0.0002990874116457126,0.00016593415400191342,0.0003279273593650176,0.00028238603711312093,0.00031754292998601813,0.00034132503290493276,0.00012170981848104102,0.0003258832198499969,0.00038054174566990297,0.0001576336504854154,0.00037499959468870826,0.0003646250187976734,0.00033338098681107685,0.00036956277966222707,0.00010531959496880277,0.0002712625113228734
ts 5 slope,-0.08459913434840903,-1.3706096104863557,-1.5862438528246208,-1.6356608294787223,-1.6937330262246986,-1.6287003831327143,-1.7087761268853294,-1.7377227142827751,-1.6677081984462327,-1.7832276190442584,-1.7175214073298966,-1.8549162772730805,-1.8065292206387429,-1.7708006638715827,-1.8394688420060434,-1.7805886224959218,-1.868130094778894,-1.865730311350669,-1.8476382389322548,-1.6740865748342002,-1.8424030047136524,-1.7637055913142594,-1.7986521234483281,-1.8078395708344066,-1.7433238815983818,-1.772607297250283,-1.8090561177788975,-1.7836167271933665,-1.8016593359233684,-1.8977174831612942,-1.7782414430807,-1.8120515500809877,-1.6912386850948882,-1.7787671730105519,-1.727724548728819,-1.7881127545534945,-1.8217611097334994,-1.717881056794773,-1.7833160680683917,-1.7583634966092925,-1.737645474064476,-1.8318904257459463,-1.773036682324128,-1.8630669077291988,-1.77659528482615,-1.7079005747137457,-1.8694287736908226,-1.7075658625443897,-1.7436568618945416,-1.8097349933146794
ts 5 std,0.00031883401907675384,0.0003803039819238552,0.000378209148953494,0.0003669758449605879,0.00035409328687853686,0.0003322479630178341,0.0002507387744769562,0.00019764092977235347,0.00018095696896714176,0.00036068788908014604,0.00018009815754848398,0.00034873002814107904,0.00035074856358538665,0.00023263374258179298,0.0003740624484777992,0.0003712386004838529,0.00028268400757629393,0.00015813363220081294,0.0003648717588699709,0.0003190366399664134,0.00034136223510167186,8.347721843974005e-05,0.00036580608901317545,0.00037225394300182877,0.00035488957066348836,0.0003696771623517981,0.0002917211604305517,0.0003324750578591968,0.00035491116453807085,0.0002425375621130565,5.37732982629246e-05,0.00034888688905845475,0.0003491441861206603,0.0002723657146560602,0.0003659858053380158,0.0001731166335655522,0.0003786896529755029,0.00024038423174437308,0.0001963478856980014,0.00010549437491087333,0.0003665900408872914,0.0003548015175331902,5.5043168893197857e-05,0.0002531360187763592,0.00032091110321200546,0.0003483026021837561,0.0002707803073500025,8.042905057140646e-05,0.0003151948702674097,0.00022191427566603842
ts 6 slope,0.12448203514364194,-1.4017448726885227,-1.4894698089106655,-1.439373952648711,-1.7308249386636128,-1.650578019477697,-1.717444970514219,-1.6210681531402438,-1.7621000524037462,-1.7397384533664964,-1.788773992462017,-1.80977869690555,-1.8254238195809487,-1.6335852757407576,-1.7627262196871052,-1.8407643461090812,-1.762567666901041,-1.8162091454583533,-1.8240002236712656,-1.7723853348001453,-1.6864394880178912,-1.885446845812342,-1.8802649119110637,-1.8847969200034778,-1.702045644154823,-1.8045438874694537,-1.7804429417168883,-1.811054228360328,-1.8032201974074873,-1.720976867250345,-1.824285793062146,-1.73979115966363,-1.813565021026037,-1.7824206117508523,-1.82323931682931,-1.8139208851765425,-1.768668903345648,-1.83941739800675,-1.8811573218869417,-1.8091780996804865,-1.779650033980969,-1.84461529649928,-1.8346560089236978,-1.790562915303668,-1.687327889299169,-1.8360728644616509,-1.8429621287246885,-1.8168574494239704,-1.8254714966410903,-1.7840628596320733
ts 6 std,0.0002931846810309302,0.00036836511506470684,0.00035230657518009603,0.00035333274178080533,0.0003571389810633747,7.638374535240655e-05,0.00023895986427490836,0.0003651310839620435,0.0003484904549420116,0.00035086325570621676,0.0003627877947201198,0.0003572872245011675,0.0003277434781841838,0.00034966366504486516,0.00020171908988684127,0.00034233780016873857,0.000371471686367442,0.00033876315582387443,0.0003532878035062093,0.00035136842654543045,0.0003434330324891128,0.0003293865567543728,0.0003396270757568547,0.00036150818680483215,0.0002920731620535722,0.00013686981474858516,0.0003257666929813983,0.00036004323717871075,7.457437065256835e-05,0.000300920401378934,0.0003590251559245459,0.00034524378402760533,0.00036461187081796964,0.00034793771656169083,0.0003365581110682368,9.21189955248827e-05,0.00030537025531502516,0.0003447253041898389,0.00035811161253140807,0.0003701426885176874,0.0003572615582247142,0.00032151903693513245,0.0003757475383270112,0.0003391269630223513,0.00035284699313650704,0.0001711167120197729,0.0003707055691194445,0.00035301684532073826,0.00022416464251819217,0.0003469296883849613
ts 7 slope,-0.050535358837778106,-1.3384855583474717,-1.5541771500754982,-1.597869228030449,-1.7114979061259736,-1.7089169322645208,-1.7248719471320937,-1.7695636010357576,-1.7542844903353174,-1.7490687536854357,-1.8227101821429679,-1.7543508381231958,-1.8571591734853077,-1.81704957621623,-1.8031185824513403,-1.8421721072994355,-1.8805084064104503,-1.8727449483161047,-1.755630867704664,-1.791864565587782,-1.7991790907597394,-1.7676514727475352,-1.7800644092678322,-1.831340454271906,-1.8412012683426524,-1.7481923749398056,-1.8439253715992645,-1.7846295932871186,-1.8334393563395008,-1.8030698733650528,-1.814287061576363,-1.8350136940980422,-1.8497025670963496,-1.8101180075936039,-1.840295003687547,-1.79636720085805,-1.795325519908936,-1.814532635634492,-1.707210384296252,-1.7909259303836578,-1.765768777617585,-1.794702296091978,-1.8536663455456375,-1.802401391923205,-1.7422594595007987,-1.926596306608193,-1.7697505157927376,-1.7927164312127224,-1.8374036141679655,-1.7945473737675592
ts 7 std,0.00034517202246760377,0.0003644691923476257,0.0003273804839037644,0.00031079488125230787,0.00035328707810931094,0.00035963218974705984,0.0003454124827564193,0.0003551316252397211,0.00034689296727384404,0.00036290370726274694,0.00035498520103585077,0.00034098193883842597,0.0003523034653077252,0.00038112039961209795,0.0003435228998839789,0.00030578071353948354,0.000350617694726847,0.00015864063196215292,0.00033644472680097686,0.00035608048072122785,0.00037906145726120387,0.00018573652753799827,0.00022027716370482572,0.00035682843462137253,0.0003747256947981431,0.00038619109500938824,0.00033361029941048965,0.00035430601696723077,7.510890641535725e-05,0.00033914449550477387,0.0002626193986812873,0.0003445641862937642,0.00031979379140274403,0.0003481264782515217,0.000354588419762845,0.000308808762498141,0.0001895004702437483,0.0003681575971606199,0.0003003146839486923,5.8801810920940506e-05,0.0003580636709411921,0.00033614199451337875,0.0003215066512865643,0.00021094098767641243,0.0003470476505769846,0.00023870647971166936,0.0003352258344330515,0.000364613496492529,0.00023449547075494212,0.00035238625896842727
ts 8 slope,-0.0031366139142272502,-1.3162099968123666,-1.5636339842874574,-1.5916851455098286,-1.6724435326778007,-1.6420764078856729,-1.7178216328109217,-1.6949979550024743,-1.7755217606013414,-1.7823894536971785,-1.7606541774113376,-1.7674497094232302,-1.8524680597640872,-1.7942444102513297,-1.7829019294478847,-1.7332035804785502,-1.7969090573217228,-1.8047149156450968,-1.8231006751929204,-1.7890932220121147,-1.8047338992858573,-1.8042563860802365,-1.876307680189315,-1.8129180129703237,-1.859002106457487,-1.7860849482815027,-1.824786514031421,-1.7873753297174957,-1.7460272029813546,-1.7743265653757059,-1.7716126805696448,-1.725037218053407,-1.791790076977119,-1.7679805064039895,-1.7750049762200617,-1.7998527146289833,-1.845378806287836,-1.8190541960380069,-1.7837168118351678,-1.7975466384421592,-1.751307838544356,-1.8061881580949473,-1.7921513772929687,-1.827357470700742,-1.7495664386415328,-1.792348923833528,-1.813869189493761,-1.8019417105277145,-1.8156228519574737,-1.9067513479823806
ts 8 std,0.0003623712129987115,0.00027076287485967865,0.0003549102080326669,0.0003267353891666148,0.0003638201324433912,0.00033727913126527806,0.0003575532403524164,0.00019493881936051235,0.0003724360882979335,0.00035141386744943023,0.0002332214465304458,0.0003440769218165138,0.00031084096247279157,0.0003726958804464203,7.265713404779656e-05,0.0003206585171162581,0.00018380750186096476,0.00034494715421550453,0.00036706489153465877,0.00035709883379884076,0.00023538364781026925,0.0003579953826632703,0.0003683801431209977,0.00035663956379207955,0.0002772172076573834,0.0003588278711203769,0.0003749058932475285,0.0003575751620929555,0.0003735693965699083,0.000377106137713986,0.00038150603050919114,0.00026218536093433023,0.00036302632870983075,0.0003496552399404067,0.0003585747655786495,0.0003743124085771128,0.0003638085454294803,0.0003554476813054233,0.00025942950970026614,9.753411966091008e-05,0.0003304501070641466,0.0001390263216654241,0.0003720347465638131,0.00035304550032146304,0.00021012060075498187,0.00028795194715570103,0.00030310655388525145,0.00034817272513390285,0.0003168892653455418,0.00029255210921721905
ts 9 slope,-0.27461782094580267,-1.5719483417192635,-1.5764625664620668,-1.7288645953152793,-1.7203927372444086,-1.8358288664003612,-1.7183955495588863,-1.7570699611672789,-1.8239000280493871,-1.7848101722701915,-1.6920304530164292,-1.8442160987747727,-1.7498750873368503,-1.7879142053454995,-1.7343741472545364,-1.4602571452682829,-1.8589203472335356,-1.7018185474051535,-1.7628101534327458,-2.0101870930451793,-1.8813142840421215,-1.7645985193368914,-1.9582639962114987,-1.686169622801003,-1.731080805515666,-1.892770178760244,-1.8391741739087542,-1.9837980776511048,-1.8366392962987703,-1.8240426847204456,-1.8589834479827947,-2.138546090348002,-1.6633269924154737,-1.8557882927461635,-1.7450725235948958,-1.7966667174626867,-1.7957915076842392,-1.761939041385771,-1.7457098397482063,-1.8239757615614798,-1.6270394272003268,-1.6908572099272334,-1.8659291865608418,-1.9801484640565605,-1.764375968278179,-1.8166566949082084,-1.9518763011046494,-1.7167815274299714,-1.8588534281067044,-1.8059791817510107
ts 9 std,0.00013427470439757313,0.00035460539017281894,0.0003604623609950848,0.00036309745022228117,0.0003238212522981506,0.00034734125182400493,0.0003541198119240041,0.00037046499439776946,0.00034155314763410267,0.0003658572587709485,0.00034416293573155866,0.000363209725608874,0.0003520344527468572,0.0003563733765440457,0.0003619406571580589,0.00024206119064672804,0.00035784807402935054,0.00016106479079596448,9.423835001485961e-05,0.0003514184816643246,0.000172137592811128,0.00036327998338615033,0.0003489764418872507,0.0002808425783832108,0.00033024857801451066,0.0003414674602061003,0.00036262043546357424,0.000309458680226848,0.0003271892006274396,0.00014840137233253245,0.00034980013518940296,0.00028029184544840687,0.0002981841045821401,0.00028522669075160654,0.0003104395663506315,0.00032115090255445725,0.0003557237385606866,0.0003626096353703249,0.00037210072520592585,0.0003475993323086485,0.00034281026208823564,0.0003581918749541298,0.00019966811060984093,0.00031937568108630123,0.00029247724700089985,0.00021286985694665898,0.0001884370746172592,0.0003361158592712056,0.00036949986395414176,0.00034722790515146406
ts 10 slope,-0.012957608519406376,-1.361560249179861,-1.5488198789124061,-1.642399565152394,-1.6846446721767359,-1.6786472282321436,-1.7282362951315091,-1.7774676522230606,-1.7988045997084636,-1.7973443438781422,-1.7730373498736305,-1.7964159232314845,-1.8102039278071946,-1.7852236322798083,-1.812432587545149,-1.822225843271717,-1.8027828097703784,-1.8038383186973441,-1.7703112788698252,-1.8563908480397697,-1.796831720177605,-1.8325444015904306,-1.7825221818253294,-1.801641151852509,-1.7343431920324548,-1.8054165235323965,-1.8159884520203151,-1.7876944630905087,-1.7984311738345533,-1.7972106146008573,-1.801448689461222,-1.838728236826876,-1.846427057516182,-1.8031283879870752,-1.7793669786740973,-1.7474971419929237,-1.7932364798653049,-1.8536003472758025,-1.7721089095794444,-1.8453031488219613,-1.774030620696047,-1.8091316369600576,-1.7844305577863355,-1.8137421412567813,-1.7790153003573654,-1.7887808524960775,-1.784799326040354,-1.7608111752328839,-1.8152555775963493,-1.7937985327166188
ts 10 std,0.0003570929167260551,0.0003434130403608317,0.00036988719459847856,0.00019060927982526992,0.0003746721927070106,0.00021435809089598597,0.00020869943217117985,0.00032590121803758047,0.00035010338762933357,0.0003456165009261053,9.703450567728591e-05,0.00037597661088498694,0.00026136970634184006,0.00035670187878657163,0.0003684493837065558,0.0003595760444374754,0.0003427126444994756,0.0003706052963817666,0.000358384665941129,0.00011137724040549204,0.00031179116690178337,0.0003442978014651709,0.00036344326612749875,0.00036305537975815243,0.00026349296441873643,0.0003656761490630632,0.0003695305788268442,0.00036919001185791437,0.0002283019087654984,0.00024189597475640152,6.878278330051503e-05,0.0003544362743206377,0.0003573545186024082,0.00028601780678427774,0.00029464172354546703,0.00032867661150977134,0.0001502070410866705,0.00033627338498158166,4.342111899094437e-05,0.0003536183104230714,0.00034502020372127414,0.0003357991645511002,0.00034881500087302473,0.00028676564377663315,0.0003528259378875983,0.0003380428612371887,0.00033249010251919545,0.00023429817647677048,0.0001566971316539995,0.00038087569014357133
ts 11 slope,-0.03156465453633758,-1.4920521068439685,-1.567926150060327,-1.6386060193281233,-1.6612304725802887,-1.7189710274736687,-1.699619970384565,-1.712248648908655,-1.8099145791075875,-1.7670825948783935,-1.7977143153450166,-1.887916080817714,-1.8225622199640232,-1.7909319654118463,-1.7907264227140411,-1.834116789088865,-1.771350899886865,-1.8425157504565255,-1.7847684729765159,-1.8841638106407945,-1.7963711073330761,-1.8498128503685656,-1.830311565421636,-1.7904144302152984,-1.8016440867636634,-1.8009851206877137,-1.8240517639091585,-1.8010641033787231,-1.7672267853486936,-1.8510178825398866,-1.7155376887970681,-1.7755557110279105,-1.8267113918907605,-1.7527103775471318,-1.7855564241334791,-1.8140596047089996,-1.8293034353965416,-1.7959923141588119,-1.909804728143169,-1.7830140418860256,-1.7898469430661719,-1.8289986553690853,-1.7921980632977932,-1.8133218669648075,-1.7849229292433004,-1.7561929936642768,-1.8091349806183468,-1.7481618443216027,-1.7300138019680038,-1.7541599393665919
ts 11 std,0.00035837867648284193,0.0003266492051519421,0.00015203498951493747,0.0002807562271294687,0.00022383419963179472,4.817705649125745e-05,0.0003509729383138006,0.0003462724800553605,0.000364609303382923,0.00035969211228690254,0.0003582489166519722,0.00038718719190737366,0.00033488833483037906,0.0003517784782752393,0.0003473626354090867,0.00034527707232333965,0.0003630242204772149,0.00038262391153345577,0.00028437085159163075,0.0003823252104748848,0.0003586530266857254,0.0003553512335265774,0.00032776850925245806,0.00035723061422356084,0.0003533965712523307,0.0001176596289659987,0.00036242269109861637,0.0002716603509052519,0.0003632531106406286,0.00033236305439329593,0.0003143498647281805,0.0002540643053701429,0.0003718819821207708,0.0002828355039751144,0.0003431864362086277,0.00036729077856615907,0.00034239115165710885,0.00018223016010725593,0.0003026023016956458,0.0002521342730706383,0.0003812972941222244,0.0003687025584205535,0.0003424689799152938,0.00022509558082810097,0.000361043783233341,0.00014591441585970003,0.0003572404820990763,0.00031359302157459853,0.00013434094143407438,0.0002853372437209202
ts 12 slope,-0.006911981514786556,-1.3569560236663998,-1.5714509694736123,-1.62521571066183,-1.7015335720795322,-1.7128757232003817,-1.6861413888148153,-1.7183835502151048,-1.7647637609196365,-1.764591203168477,-1.7682192170633757,-1.786240110144527,-1.798395565436529,-1.8199584687404107,-1.8631397042040274,-1.7812135430348046,-1.8039814409003225,-1.790444808532383,-1.7902924884545768,-1.7783978442386679,-1.815454129839927,-1.772133788597618,-1.7891925486970344,-1.808159708705158,-1.835068982771563,-1.821237981844489,-1.7834751887881413,-1.8421086592314553,-1.834974539537045,-1.7938351730928757,-1.8081488779687944,-1.814041551498953,-1.797591143935506,-1.8170147177394544,-1.7825797563169654,-1.8048491378715323,-1.7972871509874941,-1.8378802489765456,-1.796663716746406,-1.8103501123917392,-1.7620577245356044,-1.7597239467335344,-1.7568764722372598,-1.7661218463488348,-1.7884544705621686,-1.8302055455288817,-1.837317991557246,-1.7787921144376813,-1.7934834198522889,-1.7853862822732811
ts 12 std,0.0003678081297786224,0.00036955695873357435,0.00020567515898707543,0.0003605707411699221,0.0002513959358712895,0.00036097313155550065,0.00033271582487216425,0.00036157953298814445,0.0003677872420515306,0.0003795843910414085,0.00028969322857846637,0.00036633383662512106,0.0003665112007467871,0.00035072024575229856,0.0003341696479936017,0.00012171104162999126,6.224711093455e-05,0.0003732612885911912,0.00036284592172306716,0.00035421965109093655,0.00036657572877072953,0.00036364703712041155,0.00036817598313282075,0.0003455439306395973,0.0003664095000525116,0.00035486170190906374,0.00026780689772664415,0.00035940461686125816,0.0003631864699410755,0.00034396691621427813,0.00011135364045732396,0.0003652991059792327,0.0003753272089210477,0.00032646260791032984,0.0002689172442362968,0.0003682354198345132,0.00031451518984630276,0.0003729095377916508,0.00032067989105489213,0.00036270537386938543,0.00035574803211677156,0.00013406297333988043,0.0003668141533419293,0.00035077732303006833,0.0003647557759081845,0.00036706751823605005,0.0003595592596225305,0.00033287929909620354,0.00035155862690283273,0.00015423748986394096
ts 13 slope,-0.0858517946257219,-1.3512854165341204,-1.4200123110385257,-1.423075889661595,-1.6265773330783557,-1.7337434472103608,-1.7631761563245627,-1.5902345260243096,-1.7201502987567214,-1.770532983137528,-1.7191937593212232,-1.661655441516697,-1.918092896533449,-1.7856053771169258,-1.640241822702511,-1.6631079031906602,-1.9032547921508325,-1.8354030335419087,-1.811347284873741,-1.8294791860359743,-1.823585596595783,-1.819874700823304,-1.8080619997075336,-1.7203951411482936,-1.7417421325021172,-1.8198157328561704,-1.8143855422795405,-1.802048205893176,-1.7512107285516767,-1.7309521597003057,-1.687750122527205,-1.7774143969914227,-1.7928196363700524,-1.8230374921496892,-1.8023585930664285,-1.8311849461439504,-1.7614357236441003,-1.7578338222934935,-1.755416944701387,-1.8551881742817422,-1.6819700326318745,-1.8994944186147749,-1.8315091922836149,-1.8142742632171291,-1.786574849936185,-1.8179166327900047,-1.8214046474171788,-1.8269336706774826,-1.7594125173179465,-1.786844474099033
ts 13 std,0.0003268856890951844,0.00014580179630449932,0.00017693110371705045,0.0003543690163347373,0.0002959455281482794,0.00035463637370464874,0.0002670725019053553,0.00022194477261086926,0.00027938798836389266,0.00017673065905039084,0.0003742412367403998,0.0003124506952446291,0.00029834638865945857,0.0003867552386017567,0.00033187962803359614,0.00024202569484603028,0.00023347362907618138,0.00034905951405820614,0.00035614466382599333,0.0003637651344012429,0.0003680208977962446,0.0003474041521097568,0.0003749498453282952,0.00018341271864214103,0.0002734130050235415,0.0003909861697583641,0.00037613008879935396,0.00017385226135408353,0.00023051654445137212,0.00036139002319259835,0.00024264569428261707,0.00037241778241590295,0.00021611753171331874,0.0003654193049649208,0.0003688786027677365,0.00036201983109899626,0.0003461046385526257,0.00036024002369036456,0.00013515452079789208,0.00010088110816432656,0.00032945049921418807,0.0003528771363377586,0.00037800319853086874,0.00035894706993195197,0.0003627763180013127,0.0003359597380472853,0.00035652849502526275,0.00037204791713299663,0.0003567957994455512,0.00023748236519265746
ts 14 slope,0.18895003268114235,-1.3733372411582223,-1.6799837953569485,-1.4917839874051546,-1.4696411573653898,-1.6551058122789495,-1.9733939830474436,-1.7720402369734982,-1.8788140779064038,-1.9242184607214685,-1.7836262231501505,-1.966098706732232,-1.7554822148383988,-1.7077064646676217,-1.8016646779068484,-1.8656139553632214,-1.7397865351802564,-1.8154769907080375,-1.860611213463016,-1.9171196709463039,-1.760527297088099,-1.7757459208893853,-1.670239690462607,-1.8248293825998403,-1.7670598896481082,-1.7277892547263678,-1.9050911176992869,-1.8180192572786804,-1.8970752292554798,-1.5907187421498772,-1.7166482557065816,-1.8479548671301278,-1.7907130569570817,-1.8671784997474696,-1.7131553575273302,-1.8213740920331605,-1.7968582887439248,-1.7610386241006197,-1.7605054596550342,-1.8193724416823391,-1.6183504310729213,-1.778268182021676,-1.8573796766095856,-1.833072151902193,-1.7932868920843565,-1.8360056043060082,-1.7621257432306416,-1.759842921031382,-1.896405582040375,-1.8453325241607506
ts 14 std,0.00018613262031470654,0.0003883573216819202,0.0003481273597190783,0.00036216438052053766,0.0003588323774478497,0.00035415623918700457,0.0002822704851167344,0.0003607704018486944,0.00032198013407101024,0.00031190216589671127,6.446513743937288e-05,0.0003163078167409499,0.0003242242101128038,0.00029191299527942227,0.00037187510451449404,0.0003423952701622774,0.00036752050705862597,0.0003136635020300303,0.0003540470394331584,0.00017040188925921855,0.0003483728368343899,0.0003457457202827731,0.00014031848521117759,0.000379078587642582,0.0003046182375230545,0.0003508527294470774,0.0002977961390579142,0.0003913072145312106,0.00031182167471586586,0.00024227954259804644,0.00017584251640731687,0.0003589359131601047,0.00034018960747184325,0.0003307467049710908,0.0002814547213059887,0.0003461186868242601,0.00036579063110529894,0.0003813358312054715,0.0002836626188678727,6.544063767135463e-05,0.00020693919822579738,0.0003699119418422741,0.0003599746127514968,0.0003565052810190142,0.00038269944946374266,0.0003690081482898785,0.0003560402004751757,0.0003742144317951554,0.00013685848712703279,0.00021091317634084255
ts 15 slope,-0.2749742525845248,-1.3364455152895054,-1.513123897463161,-1.5828494474643096,-1.6952084793648852,-1.669188576269819,-1.6819625773370381,-1.9393048209307868,-1.9642659047254858,-1.5533479269618793,-1.9073750076734683,-1.6946513635934615,-1.8367849926647721,-1.922112083219606,-1.994235143678241,-2.099233712613018,-1.8062506542257557,-1.6588004754284729,-1.7877538898321437,-1.788396395550348,-1.8316065875938652,-1.5822323009424752,-1.7640877073210983,-1.8931425432437508,-1.845503651407537,-1.7074583539594523,-1.8929251134186886,-1.8497283304919045,-1.936837030376116,-1.644317294200133,-1.8007624707742893,-1.7376450500229006,-1.6752907385436384,-1.8286108722047656,-1.499589609952042,-1.8521607762738899,-1.8400351870163987,-1.6088359999786823,-1.933437120273029,-1.7520888245763357,-1.5524442608686975,-1.7416103352789711,-2.084503481067265,-1.5377006202819066,-1.65574874259906,-2.0372965028451544,-1.7312381644876715,-1.781287158461322,-1.8294209831619814,-1.9070886754065255
ts 15 std,0.00010607036749102544,0.00030475407545232735,0.00035423982180376177,0.000355542899280971,0.0003584376685296064,0.00035380876037584584,7.62275768763116e-05,0.00025692442741955115,9.462487979422346e-05,0.00027749776381452837,0.00035117945504097497,0.00019297080241360409,0.00037141911054661174,0.00031814377228853304,0.0002321231162517113,0.00010931894037375982,0.0003531889654443541,0.0003478407302410866,0.0003624990208972028,0.00036069891454237185,0.0003259110838721543,0.00029408142694105664,0.0003078797494658291,0.00035684743297111294,0.00023765083478492153,0.0003179361948337585,0.00036452311024912705,0.00013498738322147792,0.0002644411218475105,9.009952047023574e-05,0.0003774425329442774,0.00024967598874158767,0.0003431597506751635,0.0003692099796912962,0.0002453371085635296,0.00035920504833500215,0.00013417683717990375,0.00027071116729881806,0.00033126171616463797,0.0003674494485081157,0.000324484874407823,0.00033514542079541665,0.00033630449856611005,0.0002512707174988639,0.00028922167100096913,0.00022444022556427197,0.00019605816482633583,0.00034041990463392865,0.0003655588775071427,0.000171742787651215
ts 16 slope,-0.04612485850875651,-1.3968078653252531,-1.5189833845492273,-1.5932264841840904,-1.6961427391266162,-1.6858905034137908,-1.7215313398583314,-1.7108506557598768,-1.7906737084006723,-1.7463398736389137,-1.7976082900690384,-1.7951292864329278,-1.7496544837993662,-1.8325551050683104,-1.722862777639559,-1.7887763798342042,-1.7630970568051054,-1.7949421399415333,-1.763223083036667,-1.829148617480988,-1.7665332206445972,-1.768244091499008,-1.8324489501383707,-1.8096205920042434,-1.7855200175649024,-1.7835370742719532,-1.8507168018965487,-1.8082512371438904,-1.7822400538654664,-1.8443329217846547,-1.7477156587649527,-1.802534829836462,-1.8283284173892609,-1.7982835099688115,-1.8039002068780652,-1.80922362649632,-1.7947614986264846,-1.7954300945926138,-1.7857212120711354,-1.7826635762172893,-1.8346901942063878,-1.7908428256350644,-1.8629112483441121,-1.7784218022912281,-1.7515498437722197,-1.8173059669631304,-1.79148189870354,-1.801337315049588,-1.766579335966176,-1.7595785404529722
ts 16 std,0.0003610364553792325,0.0002610621982407854,0.00035518446879524344,0.0003623442302264977,0.00029308206308081445,0.0003337165980400571,0.0003432097899537631,0.0003870745329803356,0.00022948931930129052,0.00033979330174357096,0.000358282733734639,0.0003562261407031223,0.00029134223686100926,0.0003474226714636695,0.00031049652487846356,0.0003522851192163904,0.000374771057946151,0.00036340120852481955,0.00023483829191869412,0.00033705945160451037,0.00035652268493915407,0.00037544621693392155,0.0003644260504866873,0.00034852427478848305,0.00035583172843594663,0.00014982451605655454,0.0003257223158845751,0.00034100026331207033,0.0003718080115423477,0.00027316640413139353,0.00022296974831690212,6.281609701958765e-05,0.00022481530672671944,0.00028226755141934676,9.044258654651714e-05,0.00032256465645370347,0.0003284162397572894,0.00035828574103937387,0.000123978587526982,0.0003639474919673748,0.0002359424494034803,0.00023510241496698195,0.0003170760246752832,0.00037809627003333507,0.0003004795424287448,0.0003361182509324657,0.00035848712243905423,0.00032717933308893846,0.00035250561931585075,0.00024171142349970975
ts 17 slope,-0.029761448075504245,-1.371048146858136,-1.544779725434408,-1.5288988861573307,-1.6975439412646767,-1.64032243344495,-1.6853810688351913,-1.7292300926278337,-1.7752434522803717,-1.7569326324530623,-1.8229555273332412,-1.80084354888585,-1.7720433927775259,-1.754704417889799,-1.7543832479630406,-1.8075312486473913,-1.7938421557341129,-1.8673310376128196,-1.8186418616451283,-1.8246019882571904,-1.801116785159733,-1.8161237938878037,-1.7444696515116642,-1.8157925504225993,-1.8617330007052628,-1.8231319966468063,-1.7903206639195193,-1.857448064989843,-1.8078652040195677,-1.804774545011416,-1.7978899515009625,-1.7725044866269961,-1.8231535548847655,-1.8262568595279078,-1.809759296253067,-1.7849669299906614,-1.7841597893675714,-1.8006367003144563,-1.7965147130496215,-1.806301475643352,-1.793513932496497,-1.7998913570648385,-1.8099746463175128,-1.7738721507322646,-1.787254798550888,-1.8241398610036657,-1.7886443675534915,-1.8191463226658322,-1.7843712059890993,-1.8211475577311167
ts 17 std,0.00033908456229827405,0.00037119761340631454,0.00035149579646726883,6.157322057396677e-05,0.00036000131457157087,0.0002221085230834304,0.0003456642935700245,0.00036086043871201486,8.111859852455001e-05,0.00035791689786970367,0.00015726384979390543,0.0003606480095072095,0.00034071760785311814,0.00019702590976929075,0.00026515764773252796,0.0003650753016306729,0.0003283667474774216,0.00037000179337298185,0.00022866890423452223,0.0003120308052195033,0.00035505763481999213,0.00034611683673043444,0.0002640683252733816,0.0003503576057851189,0.00036381578428441885,0.00035799878278605055,0.0003051803676443848,0.00036783777944919907,0.00034989045751042717,0.000322220778524487,0.00035477820215150017,0.0002811926248722715,0.00031674323708411344,0.00018560688801322106,0.0003832344352353472,0.0003671412812820181,0.0003679985702522603,0.0003827716995479159,0.00026943933643806253,0.00036452207013558044,0.00026263001828257074,0.00033258251343045673,0.00038194272521437604,0.0003311303442614614,0.00014373404583197796,0.0003606516541759285,0.00034817143081330017,0.0003626580417297848,0.00035606632204295474,0.0003545240513809073
ts 18 slope,-0.0489178356162173,-1.322618204802336,-1.5366065404205262,-1.5949387642779318,-1.7507446665902222,-1.6124193065215742,-1.7502894970162448,-1.7183006588022407,-1.606631969485187,-1.8333395307519453,-1.8127237575338628,-1.7983395246694267,-1.8222329364434287,-1.791113256081585,-1.8510949467055553,-1.8212476408579044,-1.782799192173418,-1.7754500283663592,-1.7986724330602957,-1.7449751169926995,-1.8586964296730035,-1.8084311007811793,-1.7846578307462222,-1.8226970815725247,-1.7788405614177991,-1.7514243184373293,-1.7128257358981585,-1.754225215923092,-1.8299192271040856,-1.636954800093167,-1.839467351418695,-1.8128792473638966,-1.8721796093346954,-1.802538403002081,-1.7910447202544715,-1.8004390371831154,-1.7789031703778397,-1.796189321823378,-1.6993112852966215,-1.7679471297887253,-1.7929147911572954,-1.7781074533883807,-1.8411688157485377,-1.7825263439891186,-1.8589941425923682,-1.7006631786257627,-1.7462523219492119,-1.6905138769694565,-1.7399877116044737,-1.8285285541028342
ts 18 std,0.0003316779257500544,0.0003642449273214388,0.00036278421338055016,0.00035179504170698906,0.00034459069824807625,0.00021191489579467396,0.00031038990310803735,0.0002374026655541517,0.00021882034647535917,0.00034140236696831466,0.0003754871879931774,0.00036455386382534274,0.00035636194921102014,0.00034133577947939396,0.00036973617689956765,0.00028440154109685346,0.00033047321625147334,0.00036544691147128653,0.00033972133884940917,0.000361981310942005,0.0002821130001103629,0.00036911512797542924,0.00036022649540182975,0.0003036032940932153,0.0002463689719495377,0.0002453544713920384,0.00018817739353985767,0.0003304428857984237,0.0003569798684196527,0.00027424419462819907,0.0003734490094070578,0.00023741443720734685,0.00035331060286037844,0.0003579468786200868,0.00011195570177334483,0.0003815370533914611,0.0003611688245560518,0.0003830362442669727,0.00014079489439625275,0.00035620319505275664,0.0003585688431759143,0.00036975439362962534,0.00034332202104880936,0.00035277755542327923,0.0002378197969123897,0.00020938572823541297,0.0003507310386478347,0.00017593485554274175,0.0003200531876538863,0.00037651708851714385
ts 19 slope,-0.0013395431936626227,-1.3282137792006536,-1.5237296726163783,-1.6401925932115322,-1.6904595808579543,-1.6904356728349073,-1.7130749320926597,-1.669445645815581,-1.7686088240494233,-1.7528759788438717,-1.8110318963551184,-1.780165021572444,-1.7728317872174908,-1.7371381588273596,-1.8456033306737671,-1.818343061494661,-1.769078222464305,-1.8488336127222729,-1.7783230801998202,-1.7823956441347193,-1.7846235273699431,-1.7846382123041786,-1.788612708890381,-1.8331758753405147,-1.7165761035415636,-1.7666277583567562,-1.793738382932921,-1.7877643524584201,-1.7775338882149514,-1.795474566786417,-1.8180233623249704,-1.8180864666695136,-1.7917667499782108,-1.7565677144738872,-1.832935159493289,-1.7729077878031434,-1.7867953135960648,-1.8085266179340118,-1.8047231440871543,-1.7687865349145544,-1.8043134612135396,-1.7967396677450824,-1.7740777992802024,-1.8196582852942427,-1.8238049979177584,-1.7709564768739772,-1.8322201818712391,-1.8197550747806313,-1.8184754119493107,-1.8053936504421064
ts 19 std,0.00035266817839133484,0.00031598542414639223,0.0003047293244818145,0.00034774102190783377,0.0003535473181855197,0.0003693510845377558,0.00018983738251541682,0.00025794112778862915,0.000333658674989538,0.0002821618396629414,0.0002811685010407515,0.00035647198679502224,0.0002179528370381482,0.00024649400988095363,0.0003088099708743929,0.0001955551027167447,0.00037000808139091306,0.00033255535324843674,0.0003259142370009829,0.00022825604177395057,0.0002583113044351487,0.0003735865467390712,0.00038569686353729407,0.0003809791833622253,0.00024511704637073716,0.00035917241071517004,0.00033459805969588595,0.0003611388469896865,0.0003549993537058176,0.00037070662482615024,0.0003700064677158298,0.0003696081688453396,0.0003188166940268848,0.00020893941416757765,0.00022245824069328543,0.0003578936596261941,0.00036503452487304897,0.0002873621705422089,0.0003448157976868996,0.0003406023456092528,0.0003319745003719951,0.00035748070032663926,0.00035444601561587124,0.00015784839143719712,0.00036445480649475016,0.0003666196133032046,0.0003704443444454869,0.00035253693668525277,0.0003521291518980681,0.00035827873289818687
