,steady state,ts 1 slope,ts 1 std,ts 2 slope,ts 2 std,ts 3 slope,ts 3 std,ts 4 slope,ts 4 std,ts 5 slope,ts 5 std,ts 6 slope,ts 6 std,ts 7 slope,ts 7 std,ts 8 slope,ts 8 std,ts 9 slope,ts 9 std,ts 10 slope,ts 10 std,ts 11 slope,ts 11 std,ts 12 slope,ts 12 std,ts 13 slope,ts 13 std,ts 14 slope,ts 14 std,ts 15 slope,ts 15 std,ts 16 slope,ts 16 std,ts 17 slope,ts 17 std,ts 18 slope,ts 18 std,ts 19 slope,ts 19 std,ts 20 slope,ts 20 std
0,0.001,-1.8798160724814799,0.0020659187820460537,-1.780549488629071,0.00205118671909802,-1.719976425178065,0.0013383592606936415,-1.8211855772148517,0.000276453773334827,-1.815705425402591,0.0019963284924678698,-1.7888164441304328,0.0016734919543991656,-1.7868447523566382,0.0020475831581752697,-1.72749700812348,0.001965035130130373,-1.7268643512984203,0.0015110141849813473,-1.8253376579483434,0.0021387227618902284,-1.754304503013174,0.002159779423295542,-1.8141069259746596,0.0021169872043726805,-1.7892913460295967,0.0021248963356471245,-1.8063772150436341,0.002326973031324454,-1.8225195581759353,0.0021352486626930738,-1.7565659834923668,0.0020135165188657285,-1.7902157146538533,0.0008402640113287676,-1.8696422208271506,0.002227874363340842,-1.752594968603666,0.0011652256782083482,-1.815640953211618,0.0012344099426401748
1,0.0012648552168552957,-1.760430899384992,0.0013496935971750057,-1.7866227212850652,0.0020041003609414703,-1.7503697430357914,0.0019787687014060033,-1.7459556805379925,0.0020944419603956244,-1.7674020519247402,0.002369430498101956,-1.8127464611551523,0.002167904800980962,-1.7425665108818365,0.0022344100399866716,-1.7697382548331724,0.0010733510625800585,-1.7594807661382632,0.0024129507013575966,-1.7101155995224837,0.0021563586160077025,-1.749131291681881,0.002146709984444565,-1.8474523167968873,0.0010707223561456907,-1.6656996021937365,0.0009900564265818293,-1.764073187726173,0.001332212399383511,-1.7179304924515086,0.001030792899797958,-1.7189115180326842,0.0019236936160367916,-1.7289725797199123,0.0004920006061176151,-1.7491464918091881,0.0018235884985958507,-1.7621924805102371,0.0020726662383839045,-1.6962880973431838,0.0018971673360927924
2,0.0015998587196060573,-1.7640195486886983,0.0016476739553251372,-1.7419571419199624,0.0016132510395032297,-1.7322021829584535,0.0020842017062036224,-1.8567391526369215,0.0022902379853682047,-1.7687897297462054,0.0020046684100538687,-1.8232421105625536,0.0010233830844960086,-1.7142882785034645,0.002192834047595281,-1.8224842112519808,0.0020049502499657817,-1.8277044042619797,0.0019642378873289974,-1.7942273186143833,0.0015441979671093893,-1.8277353952612818,0.0012577522419130493,-1.6827184542633205,0.002153831262959604,-1.7230047488044429,0.0020383892130467303,-1.799500643573552,0.0017291108691951278,-1.746000867504695,0.0009171360245776704,-1.7525857660571866,0.0010049159245056564,-1.783100680685189,0.0015434754103094276,-1.7203563091633427,0.0021157423116410644,-1.767291868253497,0.0011312807228763251,-1.7293874951877417,0.0020768650129655256
3,0.0020235896477251575,-1.6947348504132425,0.0016437134644030945,-1.7775829384269446,0.0019343768933510848,-1.7560537447467777,0.002078008802658076,-1.7359207972893924,0.0009967111436846546,-1.7925830720768454,0.002201548554506693,-1.7260647682216061,0.001891766833768501,-1.7453709880505315,0.0020656229451251453,-1.7681312131630564,0.0012906019890003997,-1.748497164245772,0.0021122090323214054,-1.6973057333265167,0.0019383301060632353,-1.7365659499022001,0.002396400297450309,-1.7737344160378157,0.0018783954410143745,-1.7502972336551181,0.002103899500315094,-1.7832163637155223,0.0013930388013325792,-1.7185562268984689,0.0021264643563114775,-1.7983056086846536,0.0021130003527613543,-1.7598360851500292,0.0018435571594298086,-1.734315641677137,0.00154146233899233,-1.7117839681578975,0.001980028471140164,-1.8337957313915705,0.001485459293288282
4,0.002559547922699536,-1.6486753931124807,0.002073559862629684,-1.7464109039729585,0.001988296374141733,-1.76960561266677,0.0009874868472289778,-1.7248885729718386,0.0019104590152335334,-1.7824877811352005,0.0020665173270908595,-1.6484053423994305,0.0019673651863960813,-1.8046669251039213,0.0022697359685114418,-1.808714744353741,0.0020392200489666784,-1.8073687558603977,0.001843296623024266,-1.8047296480108654,0.002137268544596263,-1.7907598834723826,0.0018147192358820468,-1.7337573899878065,0.0020105971848140883,-1.755433997713302,0.0020156849987632785,-1.7707883742802495,0.002255830259107445,-1.7346426986088446,0.002076301965149769,-1.7575151882238562,0.0019225072977794551,-1.8329339764903247,0.0019818164881267755,-1.7939172666509022,0.0020776917419868916,-1.7526502707992981,0.0015723346725897134,-1.7146072410042175,0.0011721073486303981
5,0.0032374575428176433,-1.7228017788646375,0.002096092962849275,-1.761769031778826,0.002090313119850888,-1.7738370727242616,0.002172434362451783,-1.7915603197937628,0.002202798492514525,-1.8003739152571252,0.0019693310126367354,-1.7986778497850966,0.002162415960247839,-1.7526637169773327,0.002050735997514042,-1.880912011386109,0.0023117513186083163,-1.733091228127017,0.0012098053873156513,-1.8426135812181497,0.002124777657116825,-1.6583508046386175,0.0017460075783998293,-1.8291552114833443,0.002045582406599081,-1.8432726296122126,0.002396313089653565,-1.7703888103923036,0.0017873603097837358,-1.7638076407966408,0.0009523683433270686,-1.7744368020807768,0.0006889838181070176,-1.7913470448580766,0.002104527910436082,-1.7016509461611433,0.002051124010070089,-1.7256103284441735,0.0005756548935559977,-1.8060312670981262,0.002177642803087364
6,0.004094915062380427,-1.752241624153441,0.0021529433461763507,-1.7682818794283528,0.0021892416615159524,-1.7279706544658033,0.0022177314389018933,-1.7617994161585844,0.001919997573456632,-1.698476961162814,0.0020471037709263403,-1.8448543812963325,0.0021901858432988807,-1.7717233919302133,0.0020012955611894722,-1.7693086275757544,0.0012054058918970327,-1.723272090442503,0.001891023715890332,-1.744095807679591,0.0018057129924462045,-1.767919586565956,0.0008682954002512299,-1.7776567979830045,0.0010998026923670283,-1.7277711747824611,0.002201134142022777,-1.8440955928613918,0.0016927270352039394,-1.722362380231821,0.002206839933060661,-1.7597962034934493,0.0024910913885044686,-1.7738272386931782,0.0021148221939028197,-1.7315720222656583,0.002103296734574698,-1.8124211048296666,0.0007251405905767019,-1.7432729076858748,0.0020614559478226244
7,0.005179474679231213,-1.73172882643461,0.0021077797160958755,-1.7728156342111687,0.0010769508967470997,-1.7208699257703728,0.0023548079132520135,-1.7661723627227337,0.0013177415561866606,-1.714860638709831,0.001764549879290775,-1.735829251115812,0.0020806819845669523,-1.7947055328735626,0.002276559216359636,-1.783157486603729,0.0019582302673015126,-1.7598522582954332,0.0011903391257942035,-1.801957520197098,0.0016451941967620851,-1.7645503781586402,0.0017147926144348577,-1.8039224028911154,0.002119226825828635,-1.7823785681743742,0.0024278177851375514,-1.8133192333308195,0.002155943729022502,-1.7544849700106375,0.00210182894324894,-1.6898949144280728,0.0020168783311540774,-1.7226355051229048,0.0014930816414117686,-1.7382734648440294,0.0019284672853733544,-1.835731018625649,0.0019401682553598064,-1.7652093400598572,0.0020736893773499695
8,0.006551285568595509,-1.768861159002558,0.002078354285826967,-1.7620398373034312,0.002114405047041492,-1.8061280487008022,0.0022986235125820776,-1.722270305062556,0.0013609094401521268,-1.8183159298221914,0.0011848973645218392,-1.707859894300556,0.0017775402887607794,-1.7611240815026747,0.002380210385950651,-1.7660149044567477,0.002322767445884678,-1.6968475053786036,0.0021888718296920505,-1.8061663296792665,0.001176325385028811,-1.727829829181985,0.0019829297261813386,-1.731796840295757,0.001167186015175438,-1.700501113071513,0.0013607045257208773,-1.6240470473875832,0.0022118150461952397,-1.6985928648949045,0.0020720059626564303,-1.7822346376585094,0.002428405154732408,-1.7071118994611763,0.0024575301140093353,-1.7829365826276933,0.0017839920979692138,-1.7601078964824524,0.002117211289650483,-1.6849119676478796,0.0019285464887893867
9,0.008286427728546842,-1.803344361052785,0.0010146620944108625,-1.6697530519854533,0.00181582143979989,-1.7377010779864817,0.0022284933943406663,-1.6418617806616373,0.0014941960673524922,-1.8051485545372696,0.0017741032823830405,-1.7722346981567298,0.0022145248756517293,-1.6940804192154435,0.0008737677948454798,-1.8103517744157596,0.0018775310559287605,-1.8132015712884617,0.0018615960270646516,-1.8194099613680206,0.0017366951726033105,-1.8102261452692487,0.0014619895169591648,-1.7551192663163107,0.001215736094269906,-1.769337722896057,0.001925081158212188,-1.765983496233859,0.001991404177174193,-1.8440668681793777,0.0019147668497207582,-1.8048212077753158,0.0018746748999254775,-1.757947335559059,0.00201555929796467,-1.767361869188525,0.002149090867338548,-1.750033757707817,0.0023252008056208347,-1.8120006502483452,0.0006017159947865438
10,0.010481131341546858,-1.8225441626787455,0.002245436782117228,-1.7239847598297975,0.002097628403307504,-1.7327588644736434,0.0019366021081223329,-1.7518269768257613,0.0021983997922826255,-1.7621506345944218,0.0020659781163970053,-1.838436564543996,0.0016891589843086622,-1.7811059020298976,0.0013183755425186271,-1.7796355184888022,0.002024125436292427,-1.7573037111767722,0.0021951752722517916,-1.7732543120504203,0.0021580253507252657,-1.756224132358251,0.0019379001518704216,-1.7960362016813283,0.002197308755525152,-1.7970127488598409,0.0012360581749572502,-1.8118445517915676,0.0019326042289277796,-1.7852310041311878,0.0007831620612912784,-1.7909739889883212,0.0011346345707585674,-1.7484218308562476,0.0020924355027398833,-1.6363456514059584,0.002164358362806134,-1.7046487548241587,0.001968664445621054,-1.692339366414014,0.002098305556353062
11,0.013257113655901095,-1.7654855484916003,0.0019706983036930376,-1.794280574176251,0.001962841693325367,-1.7326806093190825,0.0021488418464570514,-1.7728742561335173,0.002243201154485071,-1.834002933531969,0.0020800905651227877,-1.7875520836957506,0.0021852860468579327,-1.813474637087028,0.002063568732670616,-1.7259164205949786,0.0017278455788738282,-1.7882103082227063,0.0020941685923212255,-1.6825017131465454,0.0021141774284825937,-1.670467069974521,0.002167627167069801,-1.8069039254274457,0.0019011409302980376,-1.8226646273080864,0.0019522038303650237,-1.731149100148132,0.002038093246915891,-1.8697629849871809,0.002077693071150317,-1.7935804969277176,0.00216846774976396,-1.870058718007856,0.002070188271180508,-1.8131318657145634,0.0013833253206492074,-1.8356721864611372,0.0020821550670758284,-1.770256954729425,0.000848290470158305
12,0.016768329368110083,-1.7722322156122128,0.0019954269773386204,-1.741368329401524,0.0013025030389874587,-1.8036798635203377,0.0021480370768378696,-1.7017386180943121,0.0017894272889589769,-1.8132449214000663,0.0021323206937054256,-1.8048232022905306,0.0020373748941927184,-1.7582029607964078,0.0016700480432403875,-1.7717295438740541,0.0023653418551732334,-1.8192888601334885,0.002063384494154657,-1.722801889384908,0.0019350542309269116,-1.7552830401057358,0.002201967316008644,-1.8758513740719593,0.0018895577582082785,-1.7393106783430896,0.0012757650075709433,-1.7329729329070482,0.0018765180024805676,-1.7676104091055067,0.0019102451085505482,-1.8042696493636428,0.0018726082032664972,-1.8322920932862072,0.0021497257488826485,-1.8177966723925296,0.002370068274612088,-1.7248998263209163,0.0014796866991216076,-1.632524864077748,0.0022246021057595908
13,0.021209508879201904,-1.8754919542177648,0.0018693078203247426,-1.832778391530111,0.002173216645090443,-1.778605417438482,0.0019856221534162288,-1.7854381937046686,0.0020309744364296702,-1.7880034012419719,0.0018068992967586446,-1.8023881506927766,0.0020349206188649605,-1.8086026068939074,0.0018827422200241356,-1.7843812193522153,0.002202069680497692,-1.8758463330863375,0.0019662953310323294,-1.8150032501204587,0.0020363736919536616,-1.7477488671047359,0.001972753034303421,-1.8356543288633411,0.0021643439091650002,-1.8258067725090024,0.0021166541156569054,-1.7478749906124251,0.001942480073324992,-1.8071743849054112,0.002104099266991327,-1.762565829111731,0.0015204700242107865,-1.7176832771808963,0.0021329912195419635,-1.7950741077926302,0.0018213899658675596,-1.7649602762805219,0.0019456324947066206,-1.6832583900975848,0.0021129742083071264
14,0.02682695795279726,-1.836725133019526,0.0020920861347340516,-1.808627626390253,0.0016941878114369096,-1.7005621709162773,0.0021109536052437657,-1.7668107505468231,0.0021643795190711555,-1.7724525108463824,0.0021471002276512445,-1.7805373583447788,0.0021639887348424143,-1.7474949500596841,0.001649360793508248,-1.7720568060951918,0.0021832788885819544,-1.7957591725809605,0.002018848877073453,-1.7064061751763508,0.0020945237562687196,-1.7761700243378866,0.002029539641216782,-1.781053843089751,0.0024016473082486564,-1.7231163433788006,0.001399293024200462,-1.7786037413354814,0.0019242952461743918,-1.7650372958236475,0.001983125317859678,-1.7321270939007358,0.0022816824575864546,-1.755671059532037,0.002182885908277016,-1.8080204715549655,0.0008274746159698056,-1.7494921022367023,0.0022960058069125874,-1.7917127796162098,0.002079049526370768
15,0.0339322177189533,-1.8904174927213708,0.0018929768128715895,-1.8933960220101134,0.0021414416066890267,-1.7644040804088745,0.0019210839039775982,-1.7827463968631443,0.0021578721949401555,-1.8690240636695539,0.0021002316079560906,-1.8043962612210969,0.002454723867352408,-1.8801715368917744,0.00188877421858147,-1.7421939242101803,0.0020475937440906714,-1.8211424285050137,0.0020860059842734016,-1.8395056900809164,0.002034324672822175,-1.754919237969653,0.002077639501518891,-1.7847462024666818,0.002036136355214595,-1.789604002867735,0.0023772899199888224,-1.8074453293915502,0.002239303157593518,-1.7708010347202767,0.0020323363645553677,-1.8192357921581528,0.002178762584374051,-1.807794352920034,0.0023069243183420894,-1.6346986952139102,0.0019854137587339443,-1.7566004208996553,0.0019057297712703556,-1.6680176427549207,0.0022229273369826492
16,0.04291934260128778,-1.82416606501294,0.0020236931467130345,-1.7185205313739331,0.0020954362756370084,-1.8035909463764206,0.0021332236190101522,-1.8135204802337401,0.0024630397629413297,-1.8202728543194315,0.002074379010835317,-1.8624555294985465,0.002128400057801137,-1.7398850844797369,0.0020324006129891457,-1.7530699314408331,0.0023223284081637166,-1.752631535062074,0.0020017382950589494,-1.767285819268525,0.002170485659298402,-1.646827763632938,0.001953725905503738,-1.7098491878529434,0.0019976370412163593,-1.7578460233473152,0.0021543280691492554,-1.7104457094404135,0.0020125516342821607,-1.688352213255428,0.0021917594504091537,-1.844682248186014,0.002150998940838025,-1.8122441800896327,0.0022643636246014592,-1.8519086448121471,0.0016681984575550412,-1.7073982954156446,0.0018733242764510686,-1.7722322227845866,0.002142877204873272
17,0.054286754393238594,-1.7781676757385794,0.002165659805337115,-1.7255956227492493,0.0022496474318288375,-1.7401067758411881,0.0021777163840742374,-1.8273047303095855,0.0025580685166129726,-1.7676041936398517,0.002022573238445611,-1.7564770069076696,0.0020498247750324445,-1.8125776676867935,0.001974409531566015,-1.7857977079956286,0.0021446666747231545,-1.70372542651157,0.0019946868574171493,-1.7695106815032982,0.0020027361975902412,-1.7140357657230727,0.0018837419694277796,-1.750049612929658,0.0020094410084402184,-1.7739757391127693,0.00207553163914767,-1.7826197569539475,0.0022661847006804252,-1.785494432384325,0.001892843089248319,-1.6986196122524115,0.00220796604105708,-1.8245479966413036,0.0021298070730096062,-1.718533217063911,0.0022851306327027624,-1.719269468907747,0.0020686179932581923,-1.784598371882747,0.0021696995143764496
18,0.06866488450043001,-1.7468505038311233,0.0022970243101881256,-1.7373039106318193,0.0020402168407210896,-1.690402153741003,0.002009593309786154,-1.7074712093326407,0.002480415349486007,-1.7633893445796556,0.0023050663000627677,-1.741317692918694,0.0018937124743899632,-1.7933160927732432,0.001967826688290022,-1.7588927463152892,0.00224362959084205,-1.772365908655617,0.002159418846296532,-1.7769341375822285,0.002278087848606055,-1.7906232685310823,0.001987296172642934,-1.7011478030384195,0.0020314146678226154,-1.7647024801387015,0.0020038716911651463,-1.8120622965238962,0.0021071997308781394,-1.791163099129884,0.0022066577959874356,-1.6130993931002076,0.0020915987869358473,-1.8082898745294727,0.0021193218619124884,-1.8119508642301694,0.002201907039173354,-1.7534141915128068,0.00218916751887564,-1.7041145119872683,0.002209630061042388
19,0.08685113737513529,-1.8419457665912664,0.002280441556523305,-1.8000179008631703,0.0022459655245918673,-1.8220351083738262,0.0020537308757201636,-1.8196576970107619,0.0019267112921684472,-1.804655353762287,0.0022198500674818615,-1.7904325664062295,0.002080453041272935,-1.7818941197084586,0.0020375369105858285,-1.7858543117647274,0.0023748180464520834,-1.721265190776091,0.00212836451587406,-1.7767679143005815,0.0022704345093010566,-1.7178016455675331,0.0020646737234005998,-1.8065823887443804,0.0021812350341668283,-1.7927810366318833,0.0018863200445847748,-1.754293404728818,0.0021380667784925526,-1.7338880176902673,0.0021130176356455414,-1.7848775972792519,0.002472347288389306,-1.7666286343734792,0.0022267836230317065,-1.7309100245853435,0.0023478812493467234,-1.8130724860954543,0.0019426585904360456,-1.7938060389235744,0.001999255616991698
20,0.10985411419875583,-1.77621460986908,0.002109420331420549,-1.8225349851149855,0.0020940725066071796,-1.793737563037523,0.002049542027134546,-1.69880299274682,0.0022959519854037097,-1.807963521439646,0.001979492992163381,-1.7931178017851075,0.0021166495338224784,-1.746246966380212,0.0021354782704112417,-1.8145271942092873,0.0021792071587953027,-1.7880772852718394,0.002277620295732804,-1.7762277552574126,0.0020919380269219926,-1.739917235894013,0.00180115418359817,-1.8072202218583757,0.0022963210364994983,-1.6794401912353936,0.001777857217837777,-1.8443797304265421,0.0021909459850058656,-1.735626099476123,0.002250690369318674,-1.671306696822555,0.00208525323011738,-1.7035509198448096,0.002020285652230445,-1.8000390278393958,0.00230438280402463,-1.7379082883585224,0.0020247901183130562,-1.7870276320280607,0.0020823235591851588
21,0.13894954943731375,-1.7926580772007117,0.0022264416158564873,-1.811781682553804,0.0021073223144605115,-1.8055699027611232,0.0023464107991662056,-1.695887161376409,0.001972967462110273,-1.7854874304434627,0.002246712124093397,-1.7604165026115273,0.0019801582804703506,-1.7547412230682835,0.002300318672692511,-1.7579718091154362,0.00231857092866469,-1.7342591120518789,0.0020526952215617175,-1.8041893744316349,0.002243262594795539,-1.786440088209542,0.0019312791807511145,-1.7854585188833016,0.0023683558743468193,-1.8208359998237145,0.0019517143201117448,-1.8007971080074667,0.0022215862045883825,-1.6858715364115384,0.0024840738250679678,-1.7363213321210476,0.0021507441799315115,-1.73669845958241,0.0020949087200271255,-1.6988866627867878,0.0022203582791073843,-1.7707021944192232,0.0021588579314412355,-1.7682072225910455,0.0021461341004670263
22,0.1757510624854793,-1.8096552822750436,0.0019850012498361038,-1.7941831745387733,0.001957166924077654,-1.7639417302253444,0.0020765636997075038,-1.6738795957640107,0.0021326465920535696,-1.8086650358471006,0.0022666219884506875,-1.7520750947080932,0.0021700987038026725,-1.755228481982298,0.0023920986251984864,-1.7629265457798993,0.0020161461606560886,-1.747031538472409,0.0019241859803610691,-1.8376111629001601,0.002021496662067349,-1.7271324088761448,0.0020350539288846977,-1.7904622958731975,0.0023227103918634895,-1.7015240262000608,0.0019655841800062523,-1.7989837626556857,0.002032587094863083,-1.7767724734953996,0.002034309079154894,-1.744679493636574,0.0020664552271811736,-1.8542143009614094,0.002167016186965596,-1.7861454628086952,0.0022168400624064536,-1.8221962308323005,0.0019976313929601732,-1.7256178784452132,0.0021699737914736934
23,0.22229964825261955,-1.7283138118145809,0.0022217952149778636,-1.7629288529955505,0.0019811796010722003,-1.7686283606012578,0.002162099830273455,-1.7226949392553268,0.0023815536350424694,-1.76575207991647,0.0023469027483644643,-1.707174584686115,0.002096756626109494,-1.7521757305791985,0.0019514929362585037,-1.7671930079913467,0.002225924854553812,-1.7675475899139417,0.0021301625395405577,-1.7294156071245868,0.0023306184841125933,-1.8138932492399176,0.002279792769467139,-1.734491767938534,0.0022281089834433475,-1.7947036370324823,0.0021779008353880035,-1.6893496828194892,0.0022958391750375375,-1.8075385590625863,0.0020210466708044245,-1.7316981797232598,0.0019749259201140208,-1.8048198268482372,0.0020658343798984585,-1.7854014612410238,0.0020840852086126903,-1.7577020248332722,0.0019392270053833448,-1.7356226743627352,0.002150155778267594
24,0.28117686979742307,-1.7020949027334191,0.0023637852346777124,-1.808286053248193,0.002132945896978366,-1.8077848351672985,0.002302192129188476,-1.7432884440187992,0.002512064099752103,-1.7074911721429282,0.002179376984238018,-1.800746198811804,0.002054563925610242,-1.733213121538011,0.002191146415979387,-1.7467468377523288,0.0022082077522517767,-1.764940599918265,0.00234465291264578,-1.7575203109750137,0.0021622633843304886,-1.7374810502683429,0.002070478606343989,-1.77087678812906,0.0021615288986351682,-1.7004824702784453,0.0020423003938293684,-1.768720335527253,0.0021875822245155533,-1.7802742683833055,0.0023219911717432986,-1.697794634825072,0.0021564814729699623,-1.7224697219526286,0.0021088992951638456,-1.8711890057223786,0.0021966646323552897,-1.7402760639692498,0.002360661053525707,-1.6552992310240253,0.002273005751806939
25,0.35564803062231287,-1.7523780479996207,0.0021135995226691682,-1.751967065958303,0.0020271545417902413,-1.7579465517609216,0.002217770835147971,-1.7052539928197077,0.002193944557286105,-1.7596736922009275,0.002167991401195615,-1.824379896042859,0.0025034757411410173,-1.7329233844119287,0.00198497387232492,-1.7989483323897286,0.0023743478045318905,-1.7226152369675425,0.0021861488190061565,-1.6612604615380313,0.0020747348641793313,-1.693224642180648,0.002113361234569542,-1.781604032481347,0.002249646954620705,-1.790086324873416,0.002299332080248703,-1.7791552426186699,0.0020390079442814692,-1.7753277600624062,0.002189849253903193,-1.7836149768774923,0.0024076001894420625,-1.7034217523453687,0.0021886896558875814,-1.8100745048701479,0.0020568637194814552,-1.7155844294856135,0.0021383966612372814,-1.7325035669373128,0.0024538777741814665
26,0.4498432668969444,-1.7917781047560546,0.002380736168025663,-1.6713227156132564,0.002208138199626634,-1.7644793489768569,0.0020448514402204667,-1.708782199041173,0.0022433624437081905,-1.758544188242546,0.0022016898163214034,-1.7135394980233893,0.0022317895184335696,-1.7776424138136686,0.002233790517108255,-1.7809200388954745,0.0021721535481159116,-1.7738955608778977,0.0019339346321424389,-1.7126788128775459,0.0020833015228175506,-1.750583491802438,0.002117144373215723,-1.789178959106493,0.0017858959977285003,-1.7280901871184877,0.0020635191044725454,-1.7850975327235454,0.0022060528330757464,-1.7189000169244337,0.002120863728275604,-1.8003540753887408,0.001990803408642379,-1.8261925233086733,0.002315171834634245,-1.775529409830421,0.0019935434096580583,-1.7873837603425955,0.0022637690577599163,-1.797464350286623,0.002120156000334167
27,0.5689866029018299,-1.8030090683388427,0.001988528683555959,-1.7737068513268208,0.0022313499370193632,-1.6941240693036885,0.0021303429468987494,-1.7708431510530347,0.002245568983185882,-1.6823571225716711,0.002283612159692598,-1.776400049283072,0.002007914990242211,-1.77641301531234,0.0021016020557783803,-1.6730131029622344,0.002216075887238589,-1.7056977000221436,0.002062406791282092,-1.7227359390892374,0.002056797674447261,-1.696381838340504,0.002017230989712129,-1.8026237473126412,0.0023122030541861517,-1.7637887433997703,0.0020737616514201057,-1.7233803601335045,0.002075129779993928,-1.77986768489268,0.0023678893672147865,-1.804980492433878,0.0022944404017062664,-1.7211629739445349,0.0021849219071384475,-1.7970737094949516,0.0023716865676385616,-1.7631342566790442,0.0020541396292311814,-1.7665204886122525,0.0020879981424013244
28,0.7196856730011522,-1.8333650657696903,0.00235632554731485,-1.8075937517018945,0.0025542125647342482,-1.696760543231174,0.002189026760531688,-1.7469351462069413,0.0021775608969414172,-1.7489390702692513,0.0020885779860510155,-1.7236997289638605,0.0020806358594397415,-1.670098129419858,0.0019602326295356776,-1.7704067339090175,0.0023104408209657346,-1.7481023336560626,0.0020589729097206153,-1.724860372139565,0.002048004670957682,-1.6594743266700354,0.002065362027396948,-1.7849128724674288,0.0019482265541822797,-1.738379858498345,0.0020705835288395763,-1.7120074502759255,0.0023364095368800745,-1.717800340274782,0.002127058731828565,-1.7378614300230888,0.001978886864896089,-1.7840441280875896,0.0020857342665930364,-1.717681368909329,0.00212377249176456,-1.7326363535572245,0.0022783864799396747,-1.744565991371725,0.0022982046769522073
29,0.9102981779915218,-1.7014111261921159,0.002292443276336012,-1.7630757731131992,0.0020487249123950124,-1.6247874069622013,0.002390860597735745,-1.6370063466251794,0.0020979870915045374,-1.71825032724396,0.0021338683336693644,-1.7486331472918453,0.0021932803028597053,-1.7265750898975885,0.0021283737472709277,-1.6951955852230751,0.0020681184650966447,-1.7187673525262304,0.002074014960280352,-1.7056064086835214,0.002094160161523356,-1.697718156935212,0.0020550553530621035,-1.6921826523508268,0.002233980237047122,-1.7666847746590828,0.0021266064140534504,-1.6987818563794344,0.002169462234967142,-1.6733954000558195,0.00236777877228876,-1.6772933351448178,0.0023891853327692994,-1.7677499612947383,0.0019786739728832174,-1.6592302645774297,0.002282046245790247,-1.7014454235136238,0.0021946652005669343,-1.7139163268718052,0.0021528655217184786
30,1.151395399326448,-1.7118918348655041,0.0022387498236198103,-1.661264906341887,0.0019410821892722951,-1.7378829917447827,0.0022727532611429113,-1.6827250974104602,0.0020148188063195704,-1.7046137261199312,0.0021231583915422535,-1.6856545647766727,0.002108218346642361,-1.7019390022812275,0.0018903806754481853,-1.6512737325934455,0.002232882889926969,-1.6613312649859389,0.0021106857004586145,-1.589223422970752,0.0021510851162365708,-1.6754901740343102,0.002234459012709018,-1.7634183081077337,0.002123674758917313,-1.6069438140907475,0.0021576096145206926,-1.6766701335597922,0.00204094139258243,-1.6679144370636247,0.0020306714558354826,-1.7440790746530381,0.002159984455721805,-1.7370683645506773,0.00213994173661532,-1.6189035292912137,0.001662761505418205,-1.705176833034493,0.0021946852174750202,-1.753608057460391,0.0021360784925787153
31,1.4563484775012443,-1.7128635987037946,0.002190759388829533,-1.71328477893604,0.0022981547220489204,-1.7120169486501284,0.0020677030800471032,-1.688510502468746,0.002026930786644993,-1.6212079600267277,0.0018925521767924616,-1.6899316252623262,0.0021572992536106335,-1.672230317618071,0.0019202850022913913,-1.6600768054206334,0.0019965833023956945,-1.6605687200437764,0.0022486058422609826,-1.6515169380268564,0.0020358436596894366,-1.6781918391295862,0.0021057264714498766,-1.6241859600954804,0.002285683859409776,-1.681410157712785,0.002044967121004278,-1.74232138958662,0.0022729787422595352,-1.6563465406149436,0.0021397080636723596,-1.625887034534958,0.002085245119706349,-1.6079612485382964,0.0021479294074539077,-1.6270591965058987,0.002317123122100899,-1.675294154790759,0.002204675059326268,-1.6763270599057407,0.002203532595186986
32,1.8420699693267164,-1.6928297173803035,0.0021718766376207883,-1.644672605451261,0.0021272513658542325,-1.660883069108954,0.0021103880291257226,-1.5965043643478347,0.0022957662364831385,-1.6031686694818437,0.0020948843983045087,-1.6371578902308328,0.0019637983098016506,-1.6371578135196605,0.002149213409689573,-1.5841867307005493,0.0023585910989285053,-1.572740064950151,0.0022821402757860413,-1.6771156424428455,0.002052275460702831,-1.6951601772962366,0.0023078971978360064,-1.6677824367478322,0.0023319002079372044,-1.5787860559580809,0.0020038980822866146,-1.5713058388228123,0.002020436310221069,-1.671276165915943,0.0022656246734740356,-1.6087553514182884,0.002105492143161931,-1.5827938694021249,0.0022878565296994683,-1.579346012432571,0.002118938157160185,-1.6538935986184031,0.001933620901705665,-1.650203480368147,0.002233216761961782
33,2.329951810515372,-1.541187153129884,0.0020301846302875305,-1.5823405532225066,0.0020699220030457317,-1.6585617174003124,0.0018592672028602659,-1.5152419953475738,0.0018990614334784375,-1.5048905560330157,0.002276373765876145,-1.5481354224213297,0.001904965138501208,-1.6670832197031622,0.002104857763283992,-1.6032140931889358,0.00228469380910862,-1.5015824426226947,0.002127817026146413,-1.54303918984296,0.0021803846598645225,-1.5198729062911367,0.002083279966850768,-1.6117236024278432,0.002063461876062347,-1.5510682166271252,0.0021908399257167155,-1.5674528895553053,0.002191075090055043,-1.5474273859601075,0.0023086588955844724,-1.6142613281692215,0.002104809694752409,-1.618904884114752,0.002259370778408418,-1.599983559731141,0.0021719927812362664,-1.5740097915465814,0.002073683297835386,-1.5862730864903574,0.0021704874883201647
34,2.9470517025518097,-1.5302007211416266,0.0019205370594347767,-1.4063017507351228,0.0020602317384615563,-1.4651682488105344,0.00189967813313015,-1.5101821199806007,0.0019832333250766844,-1.5065464794540873,0.00229076658410742,-1.4853687527532007,0.0018863195280058329,-1.4959409088317395,0.00213080783819182,-1.5084704732219283,0.0020200780865344244,-1.4971078465892573,0.0022224300874157167,-1.4692654300469086,0.002142149033883606,-1.5311232873304979,0.0020043031299541887,-1.4433806054563403,0.0020567980725325636,-1.474880814935967,0.0022367185889475643,-1.5366564635967417,0.0020802148876226723,-1.5158729238162436,0.0021956610271030488,-1.5409986468575896,0.002124649787685363,-1.506979931259254,0.0023549795129218292,-1.45219075393371,0.002183447409947672,-1.4944080373648867,0.0021039662915748815,-1.536466077105189,0.002085400207245082
35,3.7275937203149416,-1.4700747274544572,0.002099631558854757,-1.3917839525467042,0.0024485701109148664,-1.419481734622437,0.0021187814014462093,-1.4079123642656197,0.0022502319335646935,-1.4062662179629182,0.0020334502676549304,-1.5043923762368117,0.002145028287633594,-1.3922153511033297,0.0020031647680702445,-1.3723489665003337,0.0023944983799790913,-1.4643981256120913,0.0023080312750525856,-1.4230717822430259,0.0022449701419122816,-1.359798207940394,0.002445985104701494,-1.441922217272031,0.0022591109132476406,-1.4109549338695548,0.0020466911585957518,-1.4925058473893962,0.00220553582739272,-1.434703285281911,0.0022961775456766544,-1.4465529681982572,0.0021743892565930924,-1.4200256229622803,0.0019275926687489103,-1.4773490995776877,0.0021564925007802114,-1.4254452405005693,0.0019604926712749843,-1.4235310677195645,0.002130015882186439
36,4.714866363457395,-1.3611161447015248,0.0019312948573289533,-1.347992915115536,0.0020499798850697483,-1.3006124371144407,0.0022725135193632845,-1.3045335773288285,0.0021626255968310924,-1.3038544473290887,0.002210498641542944,-1.2969833492326328,0.0022788351562796315,-1.4149228477130376,0.002524135745304982,-1.2906573476286565,0.002078381812454913,-1.3042910786994248,0.002210180342397595,-1.3828763033168514,0.0022561415935266425,-1.3000288219775848,0.0023166140837526552,-1.2242770562878735,0.002131699428089197,-1.3414119727892644,0.002347042762749566,-1.3359494277776993,0.002224885941768594,-1.349497023493164,0.0022914189877953975,-1.324908623027134,0.002274898802934199,-1.359378840564809,0.002329871684424265,-1.3135111533914314,0.0020431408457628987,-1.3747752736934005,0.002151858135462834,-1.3116614208507928,0.0021675941609586406
37,5.963623316594643,-1.1960107505206024,0.002076494708812753,-1.184878942272439,0.0023788006762254146,-1.2017927068281533,0.0023336140811061157,-1.1582914583772497,0.00216323061840804,-1.1069233982963325,0.001903128438044009,-1.1978932652517942,0.0021871654637971067,-1.1489696728514467,0.00232947031298499,-1.2204785366639128,0.0020806376624857245,-1.1916701977749287,0.002346955971416864,-1.2827966126664354,0.0020379028481481197,-1.2544667483586267,0.0021277939424774375,-1.1531628921276387,0.002099532649905353,-1.1778876180609457,0.0020395494460463226,-1.2176341053812825,0.0021391951139010613,-1.3263840612108513,0.0021740628209276185,-1.2342959009532872,0.00205313883703099,-1.1770104278733748,0.0021282561679957304,-1.1900681982686552,0.0021787747981386104,-1.213041031121171,0.0020919801978919995,-1.1920112885076615,0.002353807154162174
38,7.543120063354623,-1.0956699167949902,0.0021927608990791538,-1.084495640854321,0.0020137678567558087,-1.1527690305565268,0.002242737163581684,-1.0074237441538922,0.002262132571136514,-1.0191158398999862,0.0021112824715167266,-1.089142275673071,0.0024429343159291074,-1.1085678975164515,0.0019948736967871326,-1.0936335347214818,0.0018853762435127083,-1.109270261335867,0.002252695073089766,-1.0127947652523779,0.0022724788490555495,-1.032712880950686,0.002371781382221696,-1.0944673750614045,0.002206651750591801,-1.0799242570035572,0.002457643127516515,-1.1760013512688292,0.002092431159456984,-1.1516011076391262,0.002170990914693805,-1.0458478732723384,0.002063665181507639,-1.090322689952167,0.002241145529351442,-1.0556177737862429,0.0021887013639741762,-1.0421237193484638,0.0020606996058146502,-1.064486148522442,0.0021991100814278326
39,9.540954763499943,-0.9344069770912778,0.0020763034601432267,-0.9626695673920644,0.0022322477242155045,-0.9623937493958393,0.002160479105819876,-0.9388550083298578,0.0023957423200281582,-0.9828675515492489,0.0024464765218258112,-0.9724863048557992,0.001996290947958103,-0.9556076899920839,0.002159508162111144,-0.9789845249136833,0.0022597350715168533,-1.0116626477071118,0.0020345809090912773,-0.926688313581183,0.0021870176017799894,-0.930776128779819,0.002140734678812941,-0.9916337130889044,0.0022015350331173753,-0.9775762724977823,0.0021002055733949907,-0.9736180348082965,0.00235782586237369,-0.8981441359067212,0.002356684484694212,-0.9760713083066125,0.0023352170185014297,-1.0063366636618034,0.00209570349518882,-0.9872081596663528,0.002194879694627722,-0.9755538702452582,0.002250805801894248,-0.9784174442075241,0.0021465494819416244
40,12.067926406393289,-0.8254873412923427,0.0023413070587562927,-0.8039700971884489,0.00215964735516594,-0.8281367355531745,0.0024225165689998026,-0.8091685332514299,0.0019696631260017997,-0.8368329682780876,0.002163633853683957,-0.933543139434052,0.00217108688128566,-0.8335049090574221,0.0020268461084536104,-0.8610704820815438,0.002191841138188498,-0.9033319728482042,0.0022265194914897583,-0.7536532234967099,0.001987990930771276,-0.8587639499091423,0.002109566378426839,-0.8697469123532569,0.0019888335723746205,-0.781543214047732,0.0022739312996307337,-0.8061423686994172,0.0022878672812746007,-0.8263315066673343,0.0023300364487157687,-0.7675884982248231,0.001983488210778862,-0.8124604703300976,0.002095589244757116,-0.8281620783044059,0.002356934858813885,-0.7932881376789964,0.0020984564323414338,-0.7231373780184616,0.0021997594051347807
41,15.264179671752334,-0.7170802392991862,0.0023159917595334425,-0.6192810133658994,0.0019354359169021604,-0.6944356738061985,0.002033035061937093,-0.6619783816236265,0.0023422860748290603,-0.6753922473890716,0.0019710835804243845,-0.6675498237227357,0.0020948834818171457,-0.70226773321188,0.002024639962785212,-0.6194135998990313,0.0024867260504452676,-0.6215151945647545,0.0023178326429742937,-0.6859989321449553,0.0019938672552962146,-0.6633468546964548,0.002059812690671956,-0.7061985901263294,0.0021028484107218784,-0.6938432324619126,0.002213729094227299,-0.6955034015773959,0.002176553232517905,-0.7124628046737836,0.002222803288031648,-0.7008996264477205,0.002179537897249953,-0.6750276466425789,0.0020363067838944106,-0.6963961384087436,0.00205114170778976,-0.6287596904339076,0.0024023003938744843,-0.67879896948964,0.0020264721321191755
42,19.306977288832496,-0.5981006001269312,0.0023903625353822295,-0.4006243263704489,0.0019831366805096126,-0.5137998233093606,0.002172387445572816,-0.5269949054166624,0.0020762061094300407,-0.5602948837859286,0.0019823468246287735,-0.4244560731731081,0.00219459776240771,-0.5028075528932384,0.0019336563813463564,-0.42461018968289266,0.0023534084700178423,-0.48334934026431897,0.0023864304940131365,-0.5332448748181052,0.002154890430826864,-0.5650641202954442,0.002113706850908617,-0.46790688743852343,0.0020698815478504286,-0.5254238638378013,0.0019136871681946872,-0.4360610070943884,0.0021851615477436596,-0.46620862853314404,0.0019846604458272246,-0.444166826165286,0.002103977213955881,-0.40856047185791466,0.001948271151822688,-0.5325181366930467,0.002355545445088945,-0.5309766597953189,0.0019770342461278715,-0.5111393707295268,0.0022848125376807174
43,24.420530945486497,-0.4311915174820213,0.002104647639446187,-0.38071071629817527,0.0021343532497075752,-0.3948507260981485,0.001984485782821201,-0.34471142261021703,0.0020083113248228366,-0.33953158205032574,0.0019488350951680205,-0.3351229441073296,0.0019226034753827936,-0.4073838819335738,0.0022092523997425425,-0.3631836398450006,0.0020487492243765996,-0.3312541421877182,0.002279046218428259,-0.34685292269977647,0.0022230092227104323,-0.3121495751863275,0.0020071157526362154,-0.29830772956321217,0.002211329458638941,-0.3910213647168192,0.0020271305501361877,-0.33034995563184144,0.0022668369012900924,-0.3203890614639244,0.0023427146748641655,-0.2928031386917497,0.0022956450852993403,-0.36476790459202973,0.0020259852715920584,-0.3506481149856261,0.002092705983370368,-0.3533925388371961,0.0021528887428227264,-0.3666185292120196,0.0020350655838162184
44,30.88843596477485,-0.2510219355865276,0.0019754388675621683,-0.18984119676754058,0.0019585429301773763,-0.18958792766036722,0.0021438877621746716,-0.3331600631195873,0.002243835947885335,-0.29738883579319203,0.0019818251295157315,-0.3276006136087503,0.0020794343048465705,-0.18780288354252495,0.002224914447703946,-0.1788322630327177,0.0021892938103573916,-0.1670692931936176,0.0018510212282683302,-0.20275728586057332,0.0020327385298120992,-0.24897005862617172,0.002000926308253023,-0.21056767415685698,0.0021129656287524968,-0.22370299795664736,0.002164612078802871,-0.15698058616012894,0.0019433306349192758,-0.2553986358672989,0.002229723449355941,-0.18594042907328426,0.0022637028980683534,-0.20453570468677798,0.0019661583003790866,-0.26932208404635444,0.0022753012316308356,-0.22252170790833653,0.002194496487218431,-0.2481383888643094,0.0022972269494469072
45,39.06939937054621,-0.11625906145140653,0.0019992659127896256,-0.11245938814884293,0.0023087543782110568,-0.09761493300805364,0.0020405934468711463,-0.11630853018274784,0.002060837782858411,-0.15266970101296526,0.0019142105848594217,-0.13540975518510331,0.0019756985792613057,-0.16163816451082236,0.002236226243022969,-0.12812674037243588,0.0022071966548521315,-0.17782935622926566,0.0020606640757875765,-0.10683426824286436,0.002043002611558403,-0.11389891409223594,0.0020191074450417327,-0.13264602306329967,0.0019762768706256544,-0.06775231805552541,0.001988035504863419,-0.18216123601606618,0.001902073249258966,-0.1208081904551782,0.0019179464243713757,-0.09689051018374141,0.0018706297701037685,-0.1677317840810342,0.0021425134580712684,-0.06684912813328081,0.0020419897110358163,-0.11640561823545707,0.0019462794017523232,-0.1280434456467011,0.002548566337843303
46,49.417133613238384,-0.04796091927836422,0.002006189114476244,-0.10557167054556553,0.0021637156785993305,0.013667420680447143,0.0020900211331936385,-0.035116099586170485,0.00224624398289865,-0.051489416603626485,0.00240253449341456,0.012541484548729755,0.002135409960399271,-0.08439754903122525,0.001964450791278083,-0.030094592977804816,0.0022468457419092007,-0.07140208257505727,0.0020223626565774905,-0.08249312349872516,0.0022451783489968106,-0.08708367536407409,0.0019596216098219468,-0.031950341693364935,0.0023938672174222885,-0.07303276533429127,0.002128807206616568,-0.04867450166513345,0.002147791689678896,-0.048791838885090456,0.0022012484719690114,-0.08558168513769997,0.0018225670448285165,-0.01784642273578274,0.0020072693889563982,-0.06241787689053052,0.002044091693125402,-0.030145945937629082,0.0021034479448106976,-0.05648469212470792,0.002178532291590307
47,62.50551925273976,-0.026269214679519853,0.0023575484036316608,-0.002533798733789086,0.0019404613603130306,0.007572806813765449,0.002135398507241038,-0.018217365095051407,0.002285122834789849,0.03892150108921793,0.0021315753608733014,-0.006531407519790253,0.002473476989282914,0.02157985399685364,0.001933595765108556,-0.01579576448406498,0.0021827441128731686,0.040354387642349346,0.0021590463840108157,0.02518558292455931,0.002160401950676841,-0.017879479676693594,0.00204713538209819,-0.024863692578077863,0.0022096372284874798,-0.021547706290067692,0.0022328994309391455,-0.07884862360404177,0.0022081693960966423,-0.037526087558873475,0.0018492821686866348,-0.06125788900159039,0.0020147740250178723,0.026637990896959514,0.002126726898739817,-0.009027768596193659,0.002131925313608652,-0.026796728380620274,0.0018064375214885446,-0.018740470131989616,0.002667550296263098
48,79.06043210907701,-0.07110558675676659,0.001938422462152475,0.01884073135596941,0.0023070868622692316,0.04833817495586823,0.0022894509069088897,-0.028293210931118543,0.0018932401118921089,0.004810002836130976,0.0021298797847555096,-0.01754072933866632,0.002047371831426527,-0.03102232028269458,0.0023584011051466396,0.04240530195207849,0.0018954422605006614,-0.042800012602220966,0.0020745705282131537,0.018276694810550474,0.0018566654798300804,-0.03755170844802992,0.0022492682898636726,0.06308944403308427,0.001892872403770133,0.08109957520629842,0.0018977425814797424,0.043129544369767785,0.002103469552619172,0.01613480536262678,0.002143765660053766,-0.014987166355216236,0.001841699614441874,-0.0402179277187194,0.0020560064296624293,-0.04717736709709378,0.0018907325992390362,0.029156479331301544,0.002119527806113511,0.02169680014942385,0.002079950162600042
49,100.0,0.025101850888013703,0.002064190341272484,0.004942041552676418,0.0020382630088455213,-0.003914256752338834,0.0022077242449692375,-0.07143702354137318,0.0020353508474075014,0.104569459061784,0.002112210986532831,0.03976387493348377,0.002016695862447732,-0.007075247137930686,0.0022105929500183586,0.03261500145192989,0.0020457861791030748,-0.08148339472878328,0.002032154912584916,-0.022779189923715963,0.0020471448825893535,0.012365766230206977,0.002056636416829766,0.049865433234237005,0.002184411164834682,0.08475473473163002,0.0022082031964235148,0.027764137331951322,0.002139277353310363,-0.053129550097682,0.0021943866483212747,-0.0437959913936638,0.001894423689853377,0.01916610972728264,0.0018883928207562067,0.018678863678803934,0.002111394105104614,-0.0003904076596434716,0.0019719682909214724,-0.017269255043834544,0.0020056671819805205
