time,species_1,species_2,species_3,species_4,species_5
0.000E+00,6.667E-03,1.500E-01,6.667E-01,1.500E+01,1.500E+02
5.00000E-05,6.68047E-03,1.49482E-01,6.70271E-01,1.48598E+01,1.47843E+02
1.00000E-04,6.62008E-03,1.48794E-01,6.76567E-01,1.47372E+01,1.48398E+02
1.50000E-04,6.54032E-03,1.48514E-01,6.80500E-01,1.46916E+01,1.47447E+02
2.00000E-04,6.53771E-03,1.49285E-01,6.81004E-01,1.47730E+01,1.46493E+02
2.50000E-04,6.49475E-03,1.49080E-01,6.79596E-01,1.48775E+01,1.47629E+02
3.00000E-04,6.48648E-03,1.50326E-01,6.84623E-01,1.48347E+01,1.46163E+02
3.50000E-04,6.50485E-03,1.51639E-01,6.91416E-01,1.48743E+01,1.45640E+02
4.00000E-04,6.44832E-03,1.52464E-01,6.87281E-01,1.47055E+01,1.45231E+02
4.50000E-04,6.39341E-03,1.52633E-01,6.84366E-01,1.47027E+01,1.44391E+02
5.00000E-04,6.38362E-03,1.51186E-01,6.78481E-01,1.46376E+01,1.44385E+02
5.50000E-04,6.36381E-03,1.51343E-01,6.86727E-01,1.48251E+01,1.43745E+02
6.00000E-04,6.38481E-03,1.50667E-01,6.88494E-01,1.47936E+01,1.43796E+02
6.50000E-04,6.40401E-03,1.51392E-01,6.84584E-01,1.49368E+01,1.43256E+02
7.00000E-04,6.39693E-03,1.52472E-01,6.84972E-01,1.50018E+01,1.43067E+02
7.50000E-04,6.40885E-03,1.52378E-01,6.81724E-01,1.52117E+01,1.42731E+02
8.00000E-04,6.44079E-03,1.51843E-01,6.72702E-01,1.52085E+01,1.42361E+02
8.50000E-04,6.41553E-03,1.50826E-01,6.72187E-01,1.52381E+01,1.41129E+02
9.00000E-04,6.40360E-03,1.51466E-01,6.71781E-01,1.52298E+01,1.41273E+02
9.50000E-04,6.35834E-03,1.50190E-01,6.74278E-01,1.51850E+01,1.39767E+02
1.00000E-03,6.36612E-03,1.49771E-01,6.70510E-01,1.51746E+01,1.40996E+02
1.05000E-03,6.32298E-03,1.50151E-01,6.67581E-01,1.51699E+01,1.40338E+02
1.10000E-03,6.32926E-03,1.50593E-01,6.66110E-01,1.50900E+01,1.38125E+02
1.15000E-03,6.32000E-03,1.50158E-01,6.63878E-01,1.49645E+01,1.37054E+02
1.20000E-03,6.35866E-03,1.48421E-01,6.66428E-01,1.47473E+01,1.36514E+02
1.25000E-03,6.35608E-03,1.47686E-01,6.75112E-01,1.46324E+01,1.36578E+02
1.30000E-03,6.28661E-03,1.46717E-01,6.77716E-01,1.45365E+01,1.36684E+02
1.35000E-03,6.27491E-03,1.42985E-01,6.79322E-01,1.47412E+01,1.36189E+02
1.40000E-03,6.31740E-03,1.43045E-01,6.77325E-01,1.46620E+01,1.37437E+02
1.45000E-03,6.26703E-03,1.42985E-01,6.77027E-01,1.47522E+01,1.35668E+02
1.50000E-03,6.25212E-03,1.42658E-01,6.82381E-01,1.47804E+01,1.35219E+02
1.55000E-03,6.30749E-03,1.42053E-01,6.76534E-01,1.48411E+01,1.34180E+02
1.60000E-03,6.32610E-03,1.42532E-01,6.74308E-01,1.48399E+01,1.33806E+02
1.65000E-03,6.30275E-03,1.44636E-01,6.70781E-01,1.49049E+01,1.33811E+02
1.70000E-03,6.28662E-03,1.43400E-01,6.66294E-01,1.49830E+01,1.33795E+02
1.75000E-03,6.24612E-03,1.42429E-01,6.59559E-01,1.50789E+01,1.32520E+02
1.80000E-03,6.21225E-03,1.41194E-01,6.61294E-01,1.51763E+01,1.32081E+02
1.85000E-03,6.19737E-03,1.41194E-01,6.63118E-01,1.51990E+01,1.31140E+02
1.90000E-03,6.18682E-03,1.40938E-01,6.56473E-01,1.51699E+01,1.31359E+02
1.95000E-03,6.24455E-03,1.40459E-01,6.56536E-01,1.51599E+01,1.33317E+02
2.00000E-03,6.26266E-03,1.42739E-01,6.47342E-01,1.53143E+01,1.33409E+02
2.05000E-03,6.18068E-03,1.43181E-01,6.47655E-01,1.52402E+01,1.33200E+02
2.10000E-03,6.21406E-03,1.43567E-01,6.44664E-01,1.53206E+01,1.32481E+02
2.15000E-03,6.24395E-03,1.44967E-01,6.38938E-01,1.53463E+01,1.31727E+02
2.20000E-03,6.22039E-03,1.44921E-01,6.39267E-01,1.52609E+01,1.32328E+02
2.25000E-03,6.21709E-03,1.44208E-01,6.39777E-01,1.52215E+01,1.34002E+02
2.30000E-03,6.18195E-03,1.44966E-01,6.39864E-01,1.52562E+01,1.33850E+02
2.35000E-03,6.14881E-03,1.46603E-01,6.30463E-01,1.52329E+01,1.33652E+02
2.40000E-03,6.20549E-03,1.46514E-01,6.32412E-01,1.54026E+01,1.32406E+02
2.45000E-03,6.26380E-03,1.47181E-01,6.26521E-01,1.52928E+01,1.31037E+02
2.50000E-03,6.24441E-03,1.46413E-01,6.37099E-01,1.52407E+01,1.31835E+02
2.55000E-03,6.18274E-03,1.46789E-01,6.38810E-01,1.51955E+01,1.31547E+02
2.60000E-03,6.24515E-03,1.43679E-01,6.37656E-01,1.51075E+01,1.31883E+02
2.65000E-03,6.24265E-03,1.44043E-01,6.38350E-01,1.50049E+01,1.31477E+02
2.70000E-03,6.28739E-03,1.44196E-01,6.41373E-01,1.50354E+01,1.33305E+02
2.75000E-03,6.26273E-03,1.42808E-01,6.37372E-01,1.51493E+01,1.31450E+02
2.80000E-03,6.29443E-03,1.43238E-01,6.34139E-01,1.50729E+01,1.31067E+02
2.85000E-03,6.22861E-03,1.43460E-01,6.25157E-01,1.52859E+01,1.30666E+02
2.90000E-03,6.23055E-03,1.43812E-01,6.28004E-01,1.52403E+01,1.30250E+02
2.95000E-03,6.27338E-03,1.43632E-01,6.31794E-01,1.51818E+01,1.31384E+02
3.00000E-03,6.24604E-03,1.44892E-01,6.34710E-01,1.49036E+01,1.31066E+02
3.05000E-03,6.23260E-03,1.44155E-01,6.38019E-01,1.50571E+01,1.30434E+02
3.10000E-03,6.20953E-03,1.43253E-01,6.33538E-01,1.50299E+01,1.30990E+02
3.15000E-03,6.18205E-03,1.44388E-01,6.45487E-01,1.48395E+01,1.29546E+02
3.20000E-03,6.11924E-03,1.45622E-01,6.48976E-01,1.50148E+01,1.30466E+02
3.25000E-03,6.11731E-03,1.45707E-01,6.52561E-01,1.49882E+01,1.29299E+02
3.30000E-03,6.16642E-03,1.47033E-01,6.51553E-01,1.50058E+01,1.29011E+02
3.35000E-03,6.13126E-03,1.47174E-01,6.48790E-01,1.49901E+01,1.28510E+02
3.40000E-03,6.10797E-03,1.46239E-01,6.47790E-01,1.50969E+01,1.27834E+02
3.45000E-03,6.06274E-03,1.47898E-01,6.46925E-01,1.50624E+01,1.27746E+02
3.50000E-03,6.12337E-03,1.48177E-01,6.45315E-01,1.49780E+01,1.27349E+02
3.55000E-03,6.11104E-03,1.46537E-01,6.45878E-01,1.48558E+01,1.27391E+02
3.60000E-03,6.21674E-03,1.45384E-01,6.55832E-01,1.48980E+01,1.27472E+02
3.65000E-03,6.20289E-03,1.45301E-01,6.54426E-01,1.50095E+01,1.27466E+02
3.70000E-03,6.18463E-03,1.44457E-01,6.57118E-01,1.50490E+01,1.27184E+02
3.75000E-03,6.18526E-03,1.44932E-01,6.60832E-01,1.50990E+01,1.26523E+02
3.80000E-03,6.21720E-03,1.45404E-01,6.55958E-01,1.50358E+01,1.26624E+02
3.85000E-03,6.25396E-03,1.45878E-01,6.60760E-01,1.50587E+01,1.26072E+02
3.90000E-03,6.22004E-03,1.45781E-01,6.69799E-01,1.50506E+01,1.25430E+02
3.95000E-03,6.19875E-03,1.45544E-01,6.73474E-01,1.50059E+01,1.23978E+02
4.00000E-03,6.17547E-03,1.45416E-01,6.76988E-01,1.50869E+01,1.23353E+02
4.05000E-03,6.15314E-03,1.45704E-01,6.82294E-01,1.50995E+01,1.22893E+02
4.10000E-03,6.19554E-03,1.43320E-01,6.82598E-01,1.49749E+01,1.21041E+02
4.15000E-03,6.28860E-03,1.41478E-01,6.87982E-01,1.49128E+01,1.20344E+02
4.20000E-03,6.29660E-03,1.41982E-01,6.86255E-01,1.49639E+01,1.19575E+02
4.25000E-03,6.35877E-03,1.42000E-01,6.85269E-01,1.50022E+01,1.19132E+02
4.30000E-03,6.36004E-03,1.42288E-01,6.81357E-01,1.49153E+01,1.18784E+02
4.35000E-03,6.37345E-03,1.43043E-01,6.84013E-01,1.49219E+01,1.19203E+02
4.40000E-03,6.34059E-03,1.42008E-01,6.90851E-01,1.48957E+01,1.20093E+02
4.45000E-03,6.33134E-03,1.42575E-01,6.84861E-01,1.48693E+01,1.19304E+02
4.50000E-03,6.30694E-03,1.42503E-01,6.87376E-01,1.48609E+01,1.19152E+02
4.55000E-03,6.28510E-03,1.42704E-01,6.95571E-01,1.49677E+01,1.18548E+02
4.60000E-03,6.25347E-03,1.42534E-01,6.97070E-01,1.49917E+01,1.18415E+02
4.65000E-03,6.21353E-03,1.42020E-01,6.97697E-01,1.49713E+01,1.20151E+02
4.70000E-03,6.20957E-03,1.40999E-01,6.96099E-01,1.49403E+01,1.20583E+02
4.75000E-03,6.21566E-03,1.40797E-01,6.90649E-01,1.48484E+01,1.20374E+02
4.80000E-03,6.22891E-03,1.39747E-01,6.90756E-01,1.49321E+01,1.19169E+02
4.85000E-03,6.23061E-03,1.40232E-01,6.88663E-01,1.49024E+01,1.17715E+02
4.90000E-03,6.25139E-03,1.41333E-01,6.87895E-01,1.51026E+01,1.18879E+02
4.95000E-03,6.29812E-03,1.41613E-01,6.88497E-01,1.49444E+01,1.18653E+02
5.00000E-03,6.31085E-03,1.41177E-01,6.90730E-01,1.49349E+01,1.17752E+02
5.05000E-03,6.32637E-03,1.43512E-01,6.90070E-01,1.49674E+01,1.17783E+02
5.10000E-03,6.32895E-03,1.43104E-01,6.88630E-01,1.49782E+01,1.17089E+02
5.15000E-03,6.20952E-03,1.43128E-01,6.89442E-01,1.48060E+01,1.17014E+02
5.20000E-03,6.27234E-03,1.42580E-01,6.91894E-01,1.47073E+01,1.17866E+02
5.25000E-03,6.22951E-03,1.43768E-01,6.81653E-01,1.46840E+01,1.18250E+02
5.30000E-03,6.16080E-03,1.43436E-01,6.77842E-01,1.47340E+01,1.17360E+02
5.35000E-03,6.11330E-03,1.44411E-01,6.84989E-01,1.46027E+01,1.16472E+02
5.40000E-03,6.16291E-03,1.45336E-01,6.92787E-01,1.46862E+01,1.16662E+02
5.45000E-03,6.20316E-03,1.45771E-01,6.93387E-01,1.48196E+01,1.17743E+02
5.50000E-03,6.25042E-03,1.45851E-01,6.97379E-01,1.48145E+01,1.17638E+02
5.55000E-03,6.19082E-03,1.44785E-01,6.95802E-01,1.49593E+01,1.18367E+02
5.60000E-03,6.25829E-03,1.45156E-01,6.91774E-01,1.49780E+01,1.18369E+02
5.65000E-03,6.27758E-03,1.46889E-01,6.91664E-01,1.48530E+01,1.18099E+02
5.70000E-03,6.26481E-03,1.47725E-01,6.86505E-01,1.48014E+01,1.19760E+02
5.75000E-03,6.30272E-03,1.47547E-01,6.82839E-01,1.50031E+01,1.20189E+02
5.80000E-03,6.27218E-03,1.47334E-01,6.77747E-01,1.48762E+01,1.21019E+02
5.85000E-03,6.23226E-03,1.47840E-01,6.77144E-01,1.49662E+01,1.21410E+02
5.90000E-03,6.15334E-03,1.47701E-01,6.74606E-01,1.47263E+01,1.22176E+02
5.95000E-03,6.12792E-03,1.46940E-01,6.73345E-01,1.47298E+01,1.21176E+02
6.00000E-03,6.13037E-03,1.47850E-01,6.67092E-01,1.46869E+01,1.21811E+02
6.05000E-03,6.03719E-03,1.48078E-01,6.56914E-01,1.46241E+01,1.22209E+02
6.10000E-03,6.15156E-03,1.47600E-01,6.55698E-01,1.46335E+01,1.22533E+02
6.15000E-03,6.15762E-03,1.47065E-01,6.53293E-01,1.46838E+01,1.21798E+02
6.20000E-03,6.16528E-03,1.46910E-01,6.56542E-01,1.46880E+01,1.22227E+02
6.25000E-03,6.23048E-03,1.47587E-01,6.50613E-01,1.47015E+01,1.22125E+02
6.30000E-03,6.26102E-03,1.47339E-01,6.59155E-01,1.46678E+01,1.22152E+02
6.35000E-03,6.35277E-03,1.48030E-01,6.55785E-01,1.46294E+01,1.24095E+02
6.40000E-03,6.33922E-03,1.46331E-01,6.49685E-01,1.45456E+01,1.24083E+02
6.45000E-03,6.31143E-03,1.46818E-01,6.47789E-01,1.43777E+01,1.24594E+02
6.50000E-03,6.33184E-03,1.48456E-01,6.46526E-01,1.46788E+01,1.23947E+02
6.55000E-03,6.33801E-03,1.48123E-01,6.50718E-01,1.47116E+01,1.23752E+02
6.60000E-03,6.32433E-03,1.48746E-01,6.55504E-01,1.46860E+01,1.24875E+02
6.65000E-03,6.36021E-03,1.49036E-01,6.56591E-01,1.47202E+01,1.25417E+02
6.70000E-03,6.32898E-03,1.46567E-01,6.61021E-01,1.47008E+01,1.24452E+02
6.75000E-03,6.29120E-03,1.44553E-01,6.65418E-01,1.47708E+01,1.24968E+02
6.80000E-03,6.27165E-03,1.43358E-01,6.63649E-01,1.46584E+01,1.23408E+02
6.85000E-03,6.29151E-03,1.44578E-01,6.66460E-01,1.47870E+01,1.22423E+02
6.90000E-03,6.32127E-03,1.43503E-01,6.58361E-01,1.46757E+01,1.23291E+02
6.95000E-03,6.35163E-03,1.42876E-01,6.49427E-01,1.47817E+01,1.23162E+02
7.00000E-03,6.36227E-03,1.41620E-01,6.57163E-01,1.46599E+01,1.22885E+02
7.05000E-03,6.41108E-03,1.40373E-01,6.52842E-01,1.45819E+01,1.22650E+02
7.10000E-03,6.43376E-03,1.39712E-01,6.51067E-01,1.45076E+01,1.22659E+02
7.15000E-03,6.43567E-03,1.40568E-01,6.48359E-01,1.45866E+01,1.22916E+02
7.20000E-03,6.38789E-03,1.40177E-01,6.46381E-01,1.45742E+01,1.23008E+02
7.25000E-03,6.40331E-03,1.41571E-01,6.48062E-01,1.45529E+01,1.23211E+02
7.30000E-03,6.45263E-03,1.43236E-01,6.49869E-01,1.47273E+01,1.23078E+02
7.35000E-03,6.41352E-03,1.42268E-01,6.52441E-01,1.48099E+01,1.22609E+02
7.40000E-03,6.43092E-03,1.43779E-01,6.54090E-01,1.49078E+01,1.23210E+02
7.45000E-03,6.40587E-03,1.44308E-01,6.57342E-01,1.48640E+01,1.21930E+02
7.50000E-03,6.44609E-03,1.43277E-01,6.53146E-01,1.48719E+01,1.23106E+02
7.55000E-03,6.34544E-03,1.43641E-01,6.58394E-01,1.49130E+01,1.22966E+02
7.60000E-03,6.32417E-03,1.44296E-01,6.59975E-01,1.48137E+01,1.23431E+02
7.65000E-03,6.41607E-03,1.45105E-01,6.58157E-01,1.47859E+01,1.23022E+02
7.70000E-03,6.40296E-03,1.42850E-01,6.62505E-01,1.48174E+01,1.22454E+02
7.75000E-03,6.40721E-03,1.44222E-01,6.64779E-01,1.49282E+01,1.21734E+02
7.80000E-03,6.43156E-03,1.44835E-01,6.74055E-01,1.49125E+01,1.21307E+02
7.85000E-03,6.41021E-03,1.44371E-01,6.71274E-01,1.48293E+01,1.22567E+02
7.90000E-03,6.42617E-03,1.43468E-01,6.68604E-01,1.48496E+01,1.21708E+02
7.95000E-03,6.42520E-03,1.43941E-01,6.67875E-01,1.47784E+01,1.22774E+02
8.00000E-03,6.35677E-03,1.44109E-01,6.67216E-01,1.47519E+01,1.22020E+02
8.05000E-03,6.39322E-03,1.43343E-01,6.74912E-01,1.49711E+01,1.22689E+02
8.10000E-03,6.38719E-03,1.44619E-01,6.73941E-01,1.48633E+01,1.22309E+02
8.15000E-03,6.32487E-03,1.44447E-01,6.74763E-01,1.48735E+01,1.22063E+02
8.20000E-03,6.29044E-03,1.45299E-01,6.74562E-01,1.50037E+01,1.21477E+02
8.25000E-03,6.20232E-03,1.46360E-01,6.82220E-01,1.49731E+01,1.20975E+02
8.30000E-03,6.22810E-03,1.45354E-01,6.73536E-01,1.49172E+01,1.20261E+02
8.35000E-03,6.16411E-03,1.43955E-01,6.73131E-01,1.48032E+01,1.21359E+02
8.40000E-03,6.06886E-03,1.42165E-01,6.68238E-01,1.49004E+01,1.21866E+02
8.45000E-03,6.08110E-03,1.42507E-01,6.65225E-01,1.47076E+01,1.22583E+02
8.50000E-03,6.09929E-03,1.42573E-01,6.58976E-01,1.47215E+01,1.23482E+02
8.55000E-03,6.07849E-03,1.42225E-01,6.52647E-01,1.47572E+01,1.23701E+02
8.60000E-03,6.06939E-03,1.41039E-01,6.56220E-01,1.48204E+01,1.24415E+02
8.65000E-03,6.03608E-03,1.38065E-01,6.52180E-01,1.48709E+01,1.24478E+02
8.70000E-03,5.96801E-03,1.38011E-01,6.50547E-01,1.48313E+01,1.24402E+02
8.75000E-03,5.93835E-03,1.38755E-01,6.45288E-01,1.48313E+01,1.22664E+02
8.80000E-03,6.03298E-03,1.38405E-01,6.44161E-01,1.48469E+01,1.21456E+02
8.85000E-03,5.99610E-03,1.38476E-01,6.48563E-01,1.46100E+01,1.20914E+02
8.90000E-03,6.05978E-03,1.36856E-01,6.47569E-01,1.45608E+01,1.21555E+02
8.95000E-03,6.05346E-03,1.36355E-01,6.48030E-01,1.45450E+01,1.20987E+02
9.00000E-03,5.99554E-03,1.37330E-01,6.41632E-01,1.45635E+01,1.19771E+02
9.05000E-03,5.94734E-03,1.36849E-01,6.43078E-01,1.45300E+01,1.19308E+02
9.10000E-03,5.82828E-03,1.36015E-01,6.34798E-01,1.44198E+01,1.19476E+02
9.15000E-03,5.74131E-03,1.36467E-01,6.31798E-01,1.44282E+01,1.18789E+02
9.20000E-03,5.72881E-03,1.34065E-01,6.29265E-01,1.45584E+01,1.18859E+02
9.25000E-03,5.70371E-03,1.33630E-01,6.32757E-01,1.43826E+01,1.19972E+02
9.30000E-03,5.70940E-03,1.33094E-01,6.34249E-01,1.44101E+01,1.19723E+02
9.35000E-03,5.64619E-03,1.31208E-01,6.28749E-01,1.44421E+01,1.20422E+02
9.40000E-03,5.68521E-03,1.29819E-01,6.36892E-01,1.44842E+01,1.18585E+02
9.45000E-03,5.65162E-03,1.28757E-01,6.36729E-01,1.45245E+01,1.18716E+02
9.50000E-03,5.60135E-03,1.28257E-01,6.34891E-01,1.43962E+01,1.18981E+02
9.55000E-03,5.65935E-03,1.29146E-01,6.28300E-01,1.44530E+01,1.19949E+02
9.60000E-03,5.68862E-03,1.29731E-01,6.26662E-01,1.44530E+01,1.18814E+02
9.65000E-03,5.55893E-03,1.28868E-01,6.34750E-01,1.42302E+01,1.18247E+02
9.70000E-03,5.57560E-03,1.29386E-01,6.39610E-01,1.42063E+01,1.18000E+02
9.75000E-03,5.59301E-03,1.28722E-01,6.37949E-01,1.42774E+01,1.18364E+02
9.80000E-03,5.59029E-03,1.30241E-01,6.35193E-01,1.42117E+01,1.19769E+02
9.85000E-03,5.62798E-03,1.29307E-01,6.38108E-01,1.42935E+01,1.20125E+02
9.90000E-03,5.62756E-03,1.29016E-01,6.37635E-01,1.43778E+01,1.20173E+02
9.95000E-03,5.60787E-03,1.30022E-01,6.32551E-01,1.42974E+01,1.19326E+02
1.00000E-02,5.56448E-03,1.31148E-01,6.33649E-01,1.43176E+01,1.19915E+02
1.00500E-02,5.62804E-03,1.32187E-01,6.32460E-01,1.40969E+01,1.20293E+02
1.01000E-02,5.65101E-03,1.30793E-01,6.30837E-01,1.41136E+01,1.19480E+02
1.01500E-02,5.62920E-03,1.30082E-01,6.30854E-01,1.40266E+01,1.18538E+02
1.02000E-02,5.64707E-03,1.30323E-01,6.27501E-01,1.39028E+01,1.17505E+02
1.02500E-02,5.73123E-03,1.31817E-01,6.32900E-01,1.41082E+01,1.17272E+02
1.03000E-02,5.68466E-03,1.32867E-01,6.29583E-01,1.41973E+01,1.16193E+02
1.03500E-02,5.74914E-03,1.33382E-01,6.22655E-01,1.41078E+01,1.15849E+02
1.04000E-02,5.76530E-03,1.34698E-01,6.24808E-01,1.41252E+01,1.16236E+02
1.04500E-02,5.76153E-03,1.34372E-01,6.30624E-01,1.40405E+01,1.16844E+02
1.05000E-02,5.83553E-03,1.33202E-01,6.39854E-01,1.41010E+01,1.17611E+02
1.05500E-02,5.75584E-03,1.32984E-01,6.38669E-01,1.39350E+01,1.17895E+02
1.06000E-02,5.81096E-03,1.33464E-01,6.30404E-01,1.37720E+01,1.18277E+02
1.06500E-02,5.88629E-03,1.34424E-01,6.25824E-01,1.37751E+01,1.18070E+02
1.07000E-02,5.91781E-03,1.33535E-01,6.17754E-01,1.38143E+01,1.18674E+02
1.07500E-02,5.86437E-03,1.34105E-01,6.15611E-01,1.37683E+01,1.16560E+02
1.08000E-02,5.88762E-03,1.33747E-01,6.16557E-01,1.37416E+01,1.18386E+02
1.08500E-02,5.84540E-03,1.33093E-01,6.13359E-01,1.38788E+01,1.17447E+02
1.09000E-02,5.88895E-03,1.31939E-01,6.17070E-01,1.39124E+01,1.16051E+02
1.09500E-02,5.81363E-03,1.33432E-01,6.17964E-01,1.39912E+01,1.18676E+02
1.10000E-02,5.79188E-03,1.35490E-01,6.09590E-01,1.39860E+01,1.18729E+02
1.10500E-02,5.84655E-03,1.36431E-01,6.09222E-01,1.38566E+01,1.18472E+02
1.11000E-02,5.79992E-03,1.36399E-01,6.19780E-01,1.37895E+01,1.18747E+02
1.11500E-02,5.78055E-03,1.37975E-01,6.21185E-01,1.36978E+01,1.18899E+02
1.12000E-02,5.72998E-03,1.37574E-01,6.19502E-01,1.36357E+01,1.17305E+02
1.12500E-02,5.81407E-03,1.38196E-01,6.17190E-01,1.36502E+01,1.15798E+02
1.13000E-02,5.78620E-03,1.37904E-01,6.13569E-01,1.36909E+01,1.17039E+02
1.13500E-02,5.77794E-03,1.38036E-01,6.13548E-01,1.36810E+01,1.17687E+02
1.14000E-02,5.82024E-03,1.38806E-01,6.12444E-01,1.36865E+01,1.16280E+02
1.14500E-02,5.79029E-03,1.38290E-01,6.16443E-01,1.35691E+01,1.15994E+02
1.15000E-02,5.78754E-03,1.36781E-01,6.21522E-01,1.35207E+01,1.16246E+02
1.15500E-02,5.72761E-03,1.38191E-01,6.31622E-01,1.34694E+01,1.13534E+02
1.16000E-02,5.72816E-03,1.39431E-01,6.31597E-01,1.33984E+01,1.12701E+02
1.16500E-02,5.72109E-03,1.38664E-01,6.31735E-01,1.34147E+01,1.12540E+02
1.17000E-02,5.74767E-03,1.36533E-01,6.28438E-01,1.33775E+01,1.12857E+02
1.17500E-02,5.73055E-03,1.38420E-01,6.28563E-01,1.33544E+01,1.12521E+02
1.18000E-02,5.75501E-03,1.39065E-01,6.35899E-01,1.34542E+01,1.12086E+02
1.18500E-02,5.76173E-03,1.39328E-01,6.30487E-01,1.35328E+01,1.11619E+02
1.19000E-02,5.75854E-03,1.40120E-01,6.32319E-01,1.35796E+01,1.09687E+02
1.19500E-02,5.74890E-03,1.38679E-01,6.35113E-01,1.36320E+01,1.09865E+02
1.20000E-02,5.73366E-03,1.39519E-01,6.35639E-01,1.36876E+01,1.11190E+02
1.20500E-02,5.75075E-03,1.39479E-01,6.32300E-01,1.37435E+01,1.11660E+02
1.21000E-02,5.72572E-03,1.40038E-01,6.42303E-01,1.39324E+01,1.12177E+02
1.21500E-02,5.69574E-03,1.40257E-01,6.47146E-01,1.39263E+01,1.12041E+02
1.22000E-02,5.72351E-03,1.41882E-01,6.43349E-01,1.39051E+01,1.13592E+02
1.22500E-02,5.73415E-03,1.41806E-01,6.33531E-01,1.38780E+01,1.13167E+02
1.23000E-02,5.76321E-03,1.40079E-01,6.31395E-01,1.39336E+01,1.13083E+02
1.23500E-02,5.75071E-03,1.37853E-01,6.28884E-01,1.39929E+01,1.11949E+02
1.24000E-02,5.80408E-03,1.38960E-01,6.27567E-01,1.41414E+01,1.12102E+02
1.24500E-02,5.89056E-03,1.38165E-01,6.31804E-01,1.42867E+01,1.11816E+02
1.25000E-02,5.87912E-03,1.37246E-01,6.34358E-01,1.42160E+01,1.11689E+02
1.25500E-02,5.89861E-03,1.36699E-01,6.29979E-01,1.41885E+01,1.11697E+02
1.26000E-02,5.86321E-03,1.35379E-01,6.27336E-01,1.41106E+01,1.10742E+02
1.26500E-02,5.88733E-03,1.35248E-01,6.28758E-01,1.40461E+01,1.11105E+02
1.27000E-02,5.87483E-03,1.35935E-01,6.24509E-01,1.40165E+01,1.11329E+02
1.27500E-02,5.77667E-03,1.34537E-01,6.21873E-01,1.37942E+01,1.11652E+02
1.28000E-02,5.75045E-03,1.35365E-01,6.23848E-01,1.38643E+01,1.11466E+02
1.28500E-02,5.73134E-03,1.35005E-01,6.34605E-01,1.36611E+01,1.12268E+02
1.29000E-02,5.67942E-03,1.34472E-01,6.33939E-01,1.34992E+01,1.11627E+02
1.29500E-02,5.69585E-03,1.33458E-01,6.27949E-01,1.35515E+01,1.12603E+02
1.30000E-02,5.77122E-03,1.32399E-01,6.29107E-01,1.34687E+01,1.12905E+02
1.30500E-02,5.82757E-03,1.32230E-01,6.34671E-01,1.34241E+01,1.12312E+02
1.31000E-02,5.80798E-03,1.32287E-01,6.37478E-01,1.32262E+01,1.13036E+02
1.31500E-02,5.80151E-03,1.32185E-01,6.33004E-01,1.31681E+01,1.13377E+02
1.32000E-02,5.81795E-03,1.32732E-01,6.31884E-01,1.30983E+01,1.14030E+02
1.32500E-02,5.75807E-03,1.33694E-01,6.24179E-01,1.30344E+01,1.13975E+02
1.33000E-02,5.76799E-03,1.33546E-01,6.22525E-01,1.30302E+01,1.13934E+02
1.33500E-02,5.78142E-03,1.34389E-01,6.23938E-01,1.30892E+01,1.13100E+02
1.34000E-02,5.75904E-03,1.33422E-01,6.23979E-01,1.30573E+01,1.12483E+02
1.34500E-02,5.66842E-03,1.34148E-01,6.25100E-01,1.30840E+01,1.12387E+02
1.35000E-02,5.64994E-03,1.35146E-01,6.24848E-01,1.31603E+01,1.11505E+02
1.35500E-02,5.64419E-03,1.36217E-01,6.28784E-01,1.32619E+01,1.10885E+02
1.36000E-02,5.57038E-03,1.37453E-01,6.30531E-01,1.33208E+01,1.10855E+02
1.36500E-02,5.56014E-03,1.37323E-01,6.36152E-01,1.32623E+01,1.10137E+02
1.37000E-02,5.57491E-03,1.37387E-01,6.36171E-01,1.31825E+01,1.10111E+02
1.37500E-02,5.59243E-03,1.37394E-01,6.39023E-01,1.31745E+01,1.08931E+02
1.38000E-02,5.56594E-03,1.39364E-01,6.33017E-01,1.30618E+01,1.09046E+02
1.38500E-02,5.56863E-03,1.38601E-01,6.34040E-01,1.31689E+01,1.11034E+02
1.39000E-02,5.57385E-03,1.38633E-01,6.35972E-01,1.30744E+01,1.09891E+02
1.39500E-02,5.56045E-03,1.37890E-01,6.35709E-01,1.29712E+01,1.09014E+02
1.40000E-02,5.61013E-03,1.38439E-01,6.39618E-01,1.29771E+01,1.08466E+02
1.40500E-02,5.63585E-03,1.38580E-01,6.41763E-01,1.30788E+01,1.09259E+02
1.41000E-02,5.56887E-03,1.37603E-01,6.42599E-01,1.30321E+01,1.08911E+02
1.41500E-02,5.59384E-03,1.39316E-01,6.35524E-01,1.30555E+01,1.08449E+02
1.42000E-02,5.57204E-03,1.39596E-01,6.36781E-01,1.28332E+01,1.08810E+02
1.42500E-02,5.63063E-03,1.39079E-01,6.40412E-01,1.27382E+01,1.10061E+02
1.43000E-02,5.58260E-03,1.40586E-01,6.34973E-01,1.27538E+01,1.10288E+02
1.43500E-02,5.57815E-03,1.41388E-01,6.28227E-01,1.28000E+01,1.11057E+02
1.44000E-02,5.57873E-03,1.41335E-01,6.30704E-01,1.26968E+01,1.11265E+02
1.44500E-02,5.58526E-03,1.42281E-01,6.35241E-01,1.26314E+01,1.11084E+02
1.45000E-02,5.64625E-03,1.40835E-01,6.37425E-01,1.26955E+01,1.11438E+02
1.45500E-02,5.59137E-03,1.41320E-01,6.34380E-01,1.27191E+01,1.11912E+02
1.46000E-02,5.64185E-03,1.40822E-01,6.32434E-01,1.26695E+01,1.12532E+02
1.46500E-02,5.60908E-03,1.41482E-01,6.29566E-01,1.24818E+01,1.12355E+02
1.47000E-02,5.68565E-03,1.41051E-01,6.34626E-01,1.24036E+01,1.12284E+02
1.47500E-02,5.68631E-03,1.41524E-01,6.46041E-01,1.23754E+01,1.11833E+02
1.48000E-02,5.75474E-03,1.42554E-01,6.41093E-01,1.24217E+01,1.11258E+02
1.48500E-02,5.81485E-03,1.42815E-01,6.41730E-01,1.25142E+01,1.10305E+02
1.49000E-02,5.77757E-03,1.42159E-01,6.45818E-01,1.25316E+01,1.09993E+02
1.49500E-02,5.75513E-03,1.42592E-01,6.43770E-01,1.25426E+01,1.09567E+02
1.50000E-02,5.71457E-03,1.42120E-01,6.47217E-01,1.27046E+01,1.08763E+02
1.50500E-02,5.74224E-03,1.42822E-01,6.47615E-01,1.27888E+01,1.09117E+02
1.51000E-02,5.73721E-03,1.42231E-01,6.48907E-01,1.28310E+01,1.08997E+02
1.51500E-02,5.73867E-03,1.41485E-01,6.55952E-01,1.28410E+01,1.08395E+02
1.52000E-02,5.74561E-03,1.40814E-01,6.61321E-01,1.27967E+01,1.08693E+02
1.52500E-02,5.76625E-03,1.40766E-01,6.59354E-01,1.27165E+01,1.09399E+02
1.53000E-02,5.83176E-03,1.39552E-01,6.56779E-01,1.26846E+01,1.09962E+02
1.53500E-02,5.86100E-03,1.40758E-01,6.60073E-01,1.26332E+01,1.08542E+02
1.54000E-02,5.85392E-03,1.40504E-01,6.58381E-01,1.26714E+01,1.08655E+02
1.54500E-02,5.80833E-03,1.38733E-01,6.53734E-01,1.26847E+01,1.08377E+02
1.55000E-02,5.91115E-03,1.37812E-01,6.51555E-01,1.27311E+01,1.07919E+02
1.55500E-02,5.91617E-03,1.38390E-01,6.52798E-01,1.26539E+01,1.07943E+02
1.56000E-02,5.96655E-03,1.36653E-01,6.53205E-01,1.24728E+01,1.08746E+02
1.56500E-02,5.93978E-03,1.35870E-01,6.39867E-01,1.24469E+01,1.10143E+02
1.57000E-02,6.00762E-03,1.35628E-01,6.32760E-01,1.24804E+01,1.11564E+02
1.57500E-02,6.01719E-03,1.36584E-01,6.36669E-01,1.25016E+01,1.11197E+02
1.58000E-02,6.03410E-03,1.36659E-01,6.35609E-01,1.24922E+01,1.09656E+02
1.58500E-02,5.99470E-03,1.35862E-01,6.40647E-01,1.24331E+01,1.11444E+02
1.59000E-02,6.04714E-03,1.37001E-01,6.36427E-01,1.23057E+01,1.11633E+02
1.59500E-02,5.99986E-03,1.36483E-01,6.34354E-01,1.22624E+01,1.12976E+02
1.60000E-02,6.02981E-03,1.34161E-01,6.31900E-01,1.24539E+01,1.11847E+02
1.60500E-02,6.02849E-03,1.35464E-01,6.28324E-01,1.25756E+01,1.12136E+02
1.61000E-02,6.06890E-03,1.35428E-01,6.37247E-01,1.23731E+01,1.12581E+02
1.61500E-02,6.01051E-03,1.35489E-01,6.39742E-01,1.24509E+01,1.13694E+02
1.62000E-02,6.01994E-03,1.34979E-01,6.41022E-01,1.23594E+01,1.14441E+02
1.62500E-02,6.07196E-03,1.33196E-01,6.44283E-01,1.23654E+01,1.14033E+02
1.63000E-02,6.05098E-03,1.35278E-01,6.50646E-01,1.23647E+01,1.14551E+02
1.63500E-02,6.10959E-03,1.35112E-01,6.53301E-01,1.23706E+01,1.13898E+02
1.64000E-02,6.09578E-03,1.36527E-01,6.51317E-01,1.22551E+01,1.14795E+02
1.64500E-02,6.11084E-03,1.35791E-01,6.54533E-01,1.23070E+01,1.15365E+02
1.65000E-02,6.12020E-03,1.37313E-01,6.53465E-01,1.23602E+01,1.14827E+02
1.65500E-02,6.11560E-03,1.36580E-01,6.49725E-01,1.23289E+01,1.14427E+02
1.66000E-02,6.07584E-03,1.37008E-01,6.46603E-01,1.21822E+01,1.13359E+02
1.66500E-02,6.21106E-03,1.36782E-01,6.42803E-01,1.21462E+01,1.12348E+02
1.67000E-02,6.22520E-03,1.36715E-01,6.41945E-01,1.21150E+01,1.13295E+02
1.67500E-02,6.33224E-03,1.37985E-01,6.38265E-01,1.20785E+01,1.13907E+02
1.68000E-02,6.27154E-03,1.39429E-01,6.38873E-01,1.21816E+01,1.13211E+02
1.68500E-02,6.28986E-03,1.39431E-01,6.47917E-01,1.22367E+01,1.13520E+02
1.69000E-02,6.29932E-03,1.39286E-01,6.40647E-01,1.21231E+01,1.14260E+02
1.69500E-02,6.34342E-03,1.38431E-01,6.42889E-01,1.21094E+01,1.15524E+02
1.70000E-02,6.43196E-03,1.38636E-01,6.32269E-01,1.21447E+01,1.15547E+02
1.70500E-02,6.42559E-03,1.38288E-01,6.28769E-01,1.22206E+01,1.15560E+02
1.71000E-02,6.39261E-03,1.38753E-01,6.27804E-01,1.22735E+01,1.15027E+02
1.71500E-02,6.42876E-03,1.39250E-01,6.23779E-01,1.25224E+01,1.13548E+02
1.72000E-02,6.37927E-03,1.40230E-01,6.31223E-01,1.24603E+01,1.12865E+02
1.72500E-02,6.39302E-03,1.40539E-01,6.36355E-01,1.24692E+01,1.12247E+02
1.73000E-02,6.39102E-03,1.42610E-01,6.31291E-01,1.25296E+01,1.12099E+02
1.73500E-02,6.38170E-03,1.41395E-01,6.31632E-01,1.24337E+01,1.11556E+02
1.74000E-02,6.37915E-03,1.42864E-01,6.33392E-01,1.24120E+01,1.11104E+02
1.74500E-02,6.39730E-03,1.43892E-01,6.34092E-01,1.24766E+01,1.10890E+02
1.75000E-02,6.36207E-03,1.44606E-01,6.31984E-01,1.25815E+01,1.11074E+02
1.75500E-02,6.39562E-03,1.45345E-01,6.32579E-01,1.26055E+01,1.10899E+02
1.76000E-02,6.40753E-03,1.44573E-01,6.44572E-01,1.26811E+01,1.11855E+02
1.76500E-02,6.32801E-03,1.44349E-01,6.50170E-01,1.27521E+01,1.12042E+02
1.77000E-02,6.27057E-03,1.44861E-01,6.49258E-01,1.27230E+01,1.11274E+02
1.77500E-02,6.31397E-03,1.45974E-01,6.55220E-01,1.29758E+01,1.11924E+02
1.78000E-02,6.40334E-03,1.45559E-01,6.59737E-01,1.30456E+01,1.12024E+02
1.78500E-02,6.44293E-03,1.47738E-01,6.64896E-01,1.31246E+01,1.10987E+02
1.79000E-02,6.48174E-03,1.48012E-01,6.60328E-01,1.31903E+01,1.10244E+02
1.79500E-02,6.53312E-03,1.49072E-01,6.63972E-01,1.32456E+01,1.10556E+02
1.80000E-02,6.53923E-03,1.48289E-01,6.63318E-01,1.31441E+01,1.09758E+02
1.80500E-02,6.63739E-03,1.48619E-01,6.51159E-01,1.32733E+01,1.09435E+02
1.81000E-02,6.57931E-03,1.48148E-01,6.55388E-01,1.33388E+01,1.10375E+02
1.81500E-02,6.52201E-03,1.49291E-01,6.59635E-01,1.32693E+01,1.09931E+02
1.82000E-02,6.53144E-03,1.50719E-01,6.65801E-01,1.32323E+01,1.11152E+02
1.82500E-02,6.49495E-03,1.50587E-01,6.65897E-01,1.33217E+01,1.11442E+02
1.83000E-02,6.46756E-03,1.49538E-01,6.71184E-01,1.35137E+01,1.11283E+02
1.83500E-02,6.39347E-03,1.48334E-01,6.70013E-01,1.35685E+01,1.11113E+02
1.84000E-02,6.44638E-03,1.47344E-01,6.64478E-01,1.35332E+01,1.10255E+02
1.84500E-02,6.51130E-03,1.48386E-01,6.70691E-01,1.35829E+01,1.10060E+02
1.85000E-02,6.54636E-03,1.48800E-01,6.71706E-01,1.36221E+01,1.10600E+02
1.85500E-02,6.46673E-03,1.49992E-01,6.73466E-01,1.33968E+01,1.11808E+02
1.86000E-02,6.43525E-03,1.48090E-01,6.72588E-01,1.35807E+01,1.12514E+02
1.86500E-02,6.42954E-03,1.47574E-01,6.62316E-01,1.34583E+01,1.13689E+02
1.87000E-02,6.42056E-03,1.46255E-01,6.61902E-01,1.35341E+01,1.13293E+02
1.87500E-02,6.30556E-03,1.47739E-01,6.63998E-01,1.37419E+01,1.13102E+02
1.88000E-02,6.28458E-03,1.48645E-01,6.63695E-01,1.37607E+01,1.12425E+02
1.88500E-02,6.22889E-03,1.48001E-01,6.65521E-01,1.39241E+01,1.11097E+02
1.89000E-02,6.17267E-03,1.46952E-01,6.74351E-01,1.36809E+01,1.10288E+02
1.89500E-02,6.11851E-03,1.45735E-01,6.82623E-01,1.37364E+01,1.10441E+02
1.90000E-02,6.11641E-03,1.44533E-01,6.82116E-01,1.36822E+01,1.10845E+02
1.90500E-02,6.10586E-03,1.46601E-01,6.75188E-01,1.38127E+01,1.10374E+02
1.91000E-02,6.07321E-03,1.47261E-01,6.76619E-01,1.37857E+01,1.09233E+02
1.91500E-02,6.08901E-03,1.46673E-01,6.79054E-01,1.36446E+01,1.09729E+02
1.92000E-02,6.04019E-03,1.47742E-01,6.78394E-01,1.35373E+01,1.10126E+02
1.92500E-02,6.09592E-03,1.47493E-01,6.76535E-01,1.34259E+01,1.09348E+02
1.93000E-02,6.14004E-03,1.47854E-01,6.77307E-01,1.34236E+01,1.08492E+02
1.93500E-02,6.20831E-03,1.47479E-01,6.85630E-01,1.34312E+01,1.07315E+02
1.94000E-02,6.16527E-03,1.46474E-01,6.79818E-01,1.34161E+01,1.05786E+02
1.94500E-02,6.18706E-03,1.46026E-01,6.83649E-01,1.32870E+01,1.06031E+02
1.95000E-02,6.25037E-03,1.46273E-01,6.89423E-01,1.33170E+01,1.05613E+02
1.95500E-02,6.21865E-03,1.45202E-01,6.94862E-01,1.32345E+01,1.04977E+02
1.96000E-02,6.25239E-03,1.45516E-01,7.01656E-01,1.31913E+01,1.05920E+02
1.96500E-02,6.27034E-03,1.45770E-01,7.00054E-01,1.31717E+01,1.05925E+02
1.97000E-02,6.31104E-03,1.45258E-01,6.97374E-01,1.31533E+01,1.05235E+02
1.97500E-02,6.42405E-03,1.43510E-01,6.93105E-01,1.30712E+01,1.04895E+02
1.98000E-02,6.40670E-03,1.44786E-01,6.90051E-01,1.29521E+01,1.03517E+02
1.98500E-02,6.45129E-03,1.44690E-01,6.95743E-01,1.29383E+01,1.04143E+02
1.99000E-02,6.38451E-03,1.44385E-01,6.93575E-01,1.28979E+01,1.03180E+02
1.99500E-02,6.39084E-03,1.45173E-01,6.91197E-01,1.30761E+01,1.03097E+02
2.00000E-02,6.50657E-03,1.45450E-01,7.01022E-01,1.29509E+01,1.02599E+02
2.00500E-02,6.49020E-03,1.45425E-01,6.98680E-01,1.28772E+01,1.02667E+02
2.01000E-02,6.48026E-03,1.44918E-01,6.93079E-01,1.29418E+01,1.02903E+02
2.01500E-02,6.54089E-03,1.44692E-01,6.97941E-01,1.32099E+01,1.02085E+02
2.02000E-02,6.41693E-03,1.45973E-01,6.97296E-01,1.32107E+01,1.01666E+02
2.02500E-02,6.41424E-03,1.45672E-01,6.93200E-01,1.32402E+01,1.01649E+02
2.03000E-02,6.37225E-03,1.45493E-01,6.93210E-01,1.32028E+01,1.01612E+02
2.03500E-02,6.30254E-03,1.43647E-01,6.85720E-01,1.32938E+01,1.02497E+02
2.04000E-02,6.37127E-03,1.42891E-01,6.88365E-01,1.34603E+01,1.03096E+02
2.04500E-02,6.28270E-03,1.43200E-01,6.80742E-01,1.34718E+01,1.02898E+02
2.05000E-02,6.33045E-03,1.43018E-01,6.72255E-01,1.32464E+01,1.03520E+02
2.05500E-02,6.35896E-03,1.42694E-01,6.79495E-01,1.33167E+01,1.03580E+02
2.06000E-02,6.34276E-03,1.41711E-01,6.74870E-01,1.32240E+01,1.03027E+02
2.06500E-02,6.24793E-03,1.42924E-01,6.73519E-01,1.33109E+01,1.03062E+02
2.07000E-02,6.24250E-03,1.43323E-01,6.64135E-01,1.33721E+01,1.01137E+02
2.07500E-02,6.28586E-03,1.42378E-01,6.64904E-01,1.34924E+01,1.02588E+02
2.08000E-02,6.27634E-03,1.42092E-01,6.67593E-01,1.34143E+01,1.02068E+02
2.08500E-02,6.28165E-03,1.42305E-01,6.65926E-01,1.34492E+01,1.02373E+02
2.09000E-02,6.33873E-03,1.41835E-01,6.76015E-01,1.34559E+01,1.01326E+02
2.09500E-02,6.34844E-03,1.43554E-01,6.75916E-01,1.35378E+01,1.01141E+02
2.10000E-02,6.38981E-03,1.44238E-01,6.76053E-01,1.35606E+01,1.01745E+02
2.10500E-02,6.52185E-03,1.43011E-01,6.77031E-01,1.33770E+01,1.01559E+02
2.11000E-02,6.47459E-03,1.42940E-01,6.80681E-01,1.33875E+01,1.01881E+02
2.11500E-02,6.49906E-03,1.41399E-01,6.87706E-01,1.35036E+01,1.02410E+02
2.12000E-02,6.51030E-03,1.41850E-01,6.96879E-01,1.34254E+01,1.02439E+02
2.12500E-02,6.43052E-03,1.40870E-01,7.02274E-01,1.31559E+01,1.02292E+02
2.13000E-02,6.39163E-03,1.41156E-01,7.05426E-01,1.31787E+01,1.02493E+02
2.13500E-02,6.29101E-03,1.38971E-01,7.09687E-01,1.33284E+01,1.01487E+02
2.14000E-02,6.28051E-03,1.37680E-01,7.01795E-01,1.33793E+01,1.00975E+02
2.14500E-02,6.29632E-03,1.38133E-01,6.99773E-01,1.34245E+01,1.01243E+02
2.15000E-02,6.33212E-03,1.36861E-01,6.96612E-01,1.32430E+01,1.02396E+02
2.15500E-02,6.33702E-03,1.35755E-01,7.01175E-01,1.33501E+01,1.02021E+02
2.16000E-02,6.26718E-03,1.35045E-01,6.99093E-01,1.33534E+01,1.03753E+02
2.16500E-02,6.30285E-03,1.35588E-01,7.02456E-01,1.34630E+01,1.03235E+02
2.17000E-02,6.21064E-03,1.35638E-01,7.01129E-01,1.31426E+01,1.03897E+02
2.17500E-02,6.21779E-03,1.35089E-01,6.94099E-01,1.31104E+01,1.03800E+02
2.18000E-02,6.20353E-03,1.35401E-01,6.96611E-01,1.31762E+01,1.03252E+02
2.18500E-02,6.20874E-03,1.34280E-01,6.99830E-01,1.32448E+01,1.03566E+02
2.19000E-02,6.16098E-03,1.34359E-01,7.02414E-01,1.30653E+01,1.04237E+02
2.19500E-02,6.24201E-03,1.34493E-01,6.97007E-01,1.29955E+01,1.04392E+02
2.20000E-02,6.24540E-03,1.35087E-01,6.94252E-01,1.30272E+01,1.05604E+02
2.20500E-02,6.21507E-03,1.35792E-01,6.95340E-01,1.29253E+01,1.05350E+02
2.21000E-02,6.25257E-03,1.36333E-01,7.02802E-01,1.29764E+01,1.04238E+02
2.21500E-02,6.29942E-03,1.36436E-01,7.07382E-01,1.30168E+01,1.03264E+02
2.22000E-02,6.30553E-03,1.36788E-01,7.23121E-01,1.29126E+01,1.04078E+02
2.22500E-02,6.23949E-03,1.36724E-01,7.20541E-01,1.27882E+01,1.03915E+02
2.23000E-02,6.31871E-03,1.36949E-01,7.25447E-01,1.28334E+01,1.03592E+02
2.23500E-02,6.44472E-03,1.36177E-01,7.16878E-01,1.28590E+01,1.04639E+02
2.24000E-02,6.45499E-03,1.37105E-01,7.09334E-01,1.29393E+01,1.04082E+02
2.24500E-02,6.45447E-03,1.38733E-01,7.06798E-01,1.30583E+01,1.04820E+02
2.25000E-02,6.40858E-03,1.39920E-01,6.96577E-01,1.30120E+01,1.04409E+02
2.25500E-02,6.43976E-03,1.39214E-01,6.86257E-01,1.32590E+01,1.03049E+02
2.26000E-02,6.44022E-03,1.39242E-01,6.79877E-01,1.32358E+01,1.03827E+02
2.26500E-02,6.43572E-03,1.40705E-01,6.79037E-01,1.31121E+01,1.04168E+02
2.27000E-02,6.49661E-03,1.38994E-01,6.88831E-01,1.30803E+01,1.03342E+02
2.27500E-02,6.48812E-03,1.38805E-01,6.84645E-01,1.30136E+01,1.02766E+02
2.28000E-02,6.45237E-03,1.38798E-01,6.93306E-01,1.31267E+01,1.02962E+02
2.28500E-02,6.45063E-03,1.40027E-01,6.97531E-01,1.29606E+01,1.02816E+02
2.29000E-02,6.47311E-03,1.39396E-01,7.05918E-01,1.30752E+01,1.03324E+02
2.29500E-02,6.45295E-03,1.40649E-01,7.11915E-01,1.31347E+01,1.03223E+02
2.30000E-02,6.44126E-03,1.39984E-01,7.14322E-01,1.30695E+01,1.03367E+02
2.30500E-02,6.54026E-03,1.40263E-01,7.10755E-01,1.30486E+01,1.04348E+02
2.31000E-02,6.53862E-03,1.41491E-01,7.13313E-01,1.29127E+01,1.04441E+02
2.31500E-02,6.56833E-03,1.41649E-01,7.16787E-01,1.29503E+01,1.04935E+02
2.32000E-02,6.57756E-03,1.41234E-01,7.12608E-01,1.30372E+01,1.03959E+02
2.32500E-02,6.57297E-03,1.40666E-01,7.17164E-01,1.29074E+01,1.03709E+02
2.33000E-02,6.53105E-03,1.40953E-01,7.18023E-01,1.29337E+01,1.05313E+02
2.33500E-02,6.56557E-03,1.41666E-01,7.19874E-01,1.29674E+01,1.05634E+02
2.34000E-02,6.56016E-03,1.42902E-01,7.20675E-01,1.30309E+01,1.05062E+02
2.34500E-02,6.57983E-03,1.42933E-01,7.20760E-01,1.31312E+01,1.03760E+02
2.35000E-02,6.59609E-03,1.45551E-01,7.23781E-01,1.29963E+01,1.04684E+02
2.35500E-02,6.56932E-03,1.46836E-01,7.23192E-01,1.29171E+01,1.05492E+02
2.36000E-02,6.56534E-03,1.48575E-01,7.32057E-01,1.28173E+01,1.04847E+02
2.36500E-02,6.57775E-03,1.47965E-01,7.39710E-01,1.30360E+01,1.04122E+02
2.37000E-02,6.48580E-03,1.47896E-01,7.35389E-01,1.30980E+01,1.04228E+02
2.37500E-02,6.48033E-03,1.48156E-01,7.32498E-01,1.30410E+01,1.03755E+02
2.38000E-02,6.46013E-03,1.47266E-01,7.28967E-01,1.31175E+01,1.04412E+02
2.38500E-02,6.42546E-03,1.47247E-01,7.32461E-01,1.32729E+01,1.04886E+02
2.39000E-02,6.46899E-03,1.46566E-01,7.35344E-01,1.31833E+01,1.04951E+02
2.39500E-02,6.43542E-03,1.45516E-01,7.43759E-01,1.31282E+01,1.04892E+02
2.40000E-02,6.40685E-03,1.46299E-01,7.43354E-01,1.30523E+01,1.03804E+02
2.40500E-02,6.37356E-03,1.47556E-01,7.44404E-01,1.29696E+01,1.03250E+02
2.41000E-02,6.28901E-03,1.47619E-01,7.37709E-01,1.29015E+01,1.03947E+02
2.41500E-02,6.25523E-03,1.49430E-01,7.38710E-01,1.27664E+01,1.05018E+02
2.42000E-02,6.22927E-03,1.50619E-01,7.41284E-01,1.27137E+01,1.06136E+02
2.42500E-02,6.25366E-03,1.51890E-01,7.39837E-01,1.26771E+01,1.06163E+02
2.43000E-02,6.21420E-03,1.48659E-01,7.40233E-01,1.27147E+01,1.07853E+02
2.43500E-02,6.20295E-03,1.48902E-01,7.31993E-01,1.27596E+01,1.08201E+02
2.44000E-02,6.20536E-03,1.50086E-01,7.26764E-01,1.27315E+01,1.07672E+02
2.44500E-02,6.25676E-03,1.50740E-01,7.17278E-01,1.26626E+01,1.07028E+02
2.45000E-02,6.32279E-03,1.50812E-01,7.14411E-01,1.25988E+01,1.07077E+02
2.45500E-02,6.32183E-03,1.51298E-01,7.23501E-01,1.26516E+01,1.07324E+02
2.46000E-02,6.33002E-03,1.51597E-01,7.22482E-01,1.25624E+01,1.08093E+02
2.46500E-02,6.33445E-03,1.50937E-01,7.21366E-01,1.23273E+01,1.07803E+02
2.47000E-02,6.36195E-03,1.51111E-01,7.19664E-01,1.24568E+01,1.08731E+02
2.47500E-02,6.33075E-03,1.51099E-01,7.14001E-01,1.24948E+01,1.09290E+02
2.48000E-02,6.36433E-03,1.51273E-01,7.12762E-01,1.24774E+01,1.08941E+02
2.48500E-02,6.37204E-03,1.50456E-01,7.09109E-01,1.24333E+01,1.08946E+02
2.49000E-02,6.44701E-03,1.49022E-01,7.11943E-01,1.24897E+01,1.07542E+02
2.49500E-02,6.42996E-03,1.48744E-01,7.08217E-01,1.23513E+01,1.07942E+02
2.50000E-02,6.45310E-03,1.46908E-01,7.13384E-01,1.22378E+01,1.08744E+02
2.50500E-02,6.48159E-03,1.46573E-01,7.09240E-01,1.22075E+01,1.08282E+02
2.51000E-02,6.52579E-03,1.44826E-01,7.07153E-01,1.20752E+01,1.08093E+02
2.51500E-02,6.51370E-03,1.43468E-01,7.13981E-01,1.21316E+01,1.09589E+02
2.52000E-02,6.53540E-03,1.45042E-01,7.05037E-01,1.21179E+01,1.08767E+02
2.52500E-02,6.51079E-03,1.44903E-01,7.02328E-01,1.21227E+01,1.10179E+02
2.53000E-02,6.51743E-03,1.44756E-01,7.05397E-01,1.20793E+01,1.09580E+02
2.53500E-02,6.51274E-03,1.45186E-01,7.08026E-01,1.19908E+01,1.09470E+02
2.54000E-02,6.49801E-03,1.43569E-01,7.06906E-01,1.19697E+01,1.08894E+02
2.54500E-02,6.49217E-03,1.42484E-01,7.07902E-01,1.18780E+01,1.08637E+02
2.55000E-02,6.45776E-03,1.42957E-01,7.14656E-01,1.18453E+01,1.08695E+02
2.55500E-02,6.34704E-03,1.43990E-01,7.18765E-01,1.19005E+01,1.09190E+02
2.56000E-02,6.36306E-03,1.45565E-01,7.22493E-01,1.20099E+01,1.09555E+02
2.56500E-02,6.35759E-03,1.46018E-01,7.24267E-01,1.18865E+01,1.08648E+02
2.57000E-02,6.42341E-03,1.46968E-01,7.15202E-01,1.18732E+01,1.08603E+02
2.57500E-02,6.38728E-03,1.46492E-01,7.17233E-01,1.17608E+01,1.08887E+02
2.58000E-02,6.35184E-03,1.48195E-01,7.12250E-01,1.17336E+01,1.10257E+02
2.58500E-02,6.33341E-03,1.48975E-01,7.16151E-01,1.17706E+01,1.08717E+02
2.59000E-02,6.32838E-03,1.51160E-01,7.19823E-01,1.17071E+01,1.09015E+02
2.59500E-02,6.35428E-03,1.49999E-01,7.15880E-01,1.18609E+01,1.08447E+02
2.60000E-02,6.38395E-03,1.52176E-01,7.11197E-01,1.18143E+01,1.06871E+02
2.60500E-02,6.36454E-03,1.52585E-01,7.05283E-01,1.18024E+01,1.06123E+02
2.61000E-02,6.33496E-03,1.51220E-01,7.10861E-01,1.17724E+01,1.06256E+02
2.61500E-02,6.31009E-03,1.51198E-01,7.13475E-01,1.16995E+01,1.06272E+02
2.62000E-02,6.27381E-03,1.52773E-01,7.10410E-01,1.16561E+01,1.05417E+02
2.62500E-02,6.23670E-03,1.51952E-01,7.12973E-01,1.17137E+01,1.04902E+02
2.63000E-02,6.16523E-03,1.50545E-01,7.14458E-01,1.18309E+01,1.04804E+02
2.63500E-02,6.18051E-03,1.52968E-01,7.11268E-01,1.18096E+01,1.04474E+02
2.64000E-02,6.16769E-03,1.52031E-01,7.07859E-01,1.17879E+01,1.04398E+02
2.64500E-02,6.16150E-03,1.50547E-01,7.06616E-01,1.18302E+01,1.04657E+02
2.65000E-02,6.15288E-03,1.50477E-01,7.07226E-01,1.19011E+01,1.04566E+02
2.65500E-02,6.12220E-03,1.51643E-01,7.11780E-01,1.20705E+01,1.04970E+02
2.66000E-02,6.09088E-03,1.51448E-01,7.14465E-01,1.21037E+01,1.05133E+02
2.66500E-02,6.11272E-03,1.50423E-01,7.14014E-01,1.20016E+01,1.04888E+02
2.67000E-02,6.10347E-03,1.49426E-01,7.15347E-01,1.20275E+01,1.03840E+02
2.67500E-02,6.17102E-03,1.49871E-01,7.14902E-01,1.20145E+01,1.03762E+02
2.68000E-02,6.22483E-03,1.52038E-01,7.17311E-01,1.20617E+01,1.03128E+02
2.68500E-02,6.23193E-03,1.51091E-01,7.10380E-01,1.20087E+01,1.03196E+02
2.69000E-02,6.22176E-03,1.51965E-01,7.07747E-01,1.20396E+01,1.02580E+02
2.69500E-02,6.23332E-03,1.51930E-01,7.09155E-01,1.21717E+01,1.02290E+02
2.70000E-02,6.27433E-03,1.50701E-01,7.09592E-01,1.21649E+01,1.02367E+02
2.70500E-02,6.28277E-03,1.52077E-01,7.09534E-01,1.22118E+01,1.01879E+02
2.71000E-02,6.26461E-03,1.50298E-01,7.10231E-01,1.22833E+01,1.03491E+02
2.71500E-02,6.22057E-03,1.51884E-01,7.12007E-01,1.22540E+01,1.03118E+02
2.72000E-02,6.24172E-03,1.53217E-01,7.18222E-01,1.23333E+01,1.02321E+02
2.72500E-02,6.17007E-03,1.53212E-01,7.11075E-01,1.23543E+01,1.02959E+02
2.73000E-02,6.21021E-03,1.54653E-01,7.06569E-01,1.22930E+01,1.03225E+02
2.73500E-02,6.26106E-03,1.53743E-01,7.07757E-01,1.22704E+01,1.04763E+02
2.74000E-02,6.23805E-03,1.54148E-01,7.04768E-01,1.23798E+01,1.04740E+02
2.74500E-02,6.26020E-03,1.54790E-01,7.08154E-01,1.23623E+01,1.04178E+02
2.75000E-02,6.24612E-03,1.54187E-01,7.03211E-01,1.24858E+01,1.04098E+02
2.75500E-02,6.30553E-03,1.53404E-01,6.97818E-01,1.24157E+01,1.04119E+02
2.76000E-02,6.36357E-03,1.53526E-01,6.96753E-01,1.25541E+01,1.04431E+02
2.76500E-02,6.30096E-03,1.53753E-01,7.03630E-01,1.24216E+01,1.05521E+02
2.77000E-02,6.36079E-03,1.52605E-01,7.07950E-01,1.23670E+01,1.06274E+02
2.77500E-02,6.40661E-03,1.53928E-01,7.04198E-01,1.23909E+01,1.05592E+02
2.78000E-02,6.41838E-03,1.55531E-01,7.01662E-01,1.23902E+01,1.04773E+02
2.78500E-02,6.40220E-03,1.57469E-01,6.97271E-01,1.23824E+01,1.04970E+02
2.79000E-02,6.41216E-03,1.56352E-01,7.03336E-01,1.24102E+01,1.05044E+02
2.79500E-02,6.49324E-03,1.55603E-01,7.05702E-01,1.24549E+01,1.05185E+02
2.80000E-02,6.42162E-03,1.55839E-01,6.95481E-01,1.23832E+01,1.05557E+02
2.80500E-02,6.42471E-03,1.54991E-01,6.90229E-01,1.23181E+01,1.05193E+02
2.81000E-02,6.40153E-03,1.55252E-01,6.93586E-01,1.21323E+01,1.04949E+02
2.81500E-02,6.42315E-03,1.55285E-01,6.89125E-01,1.21590E+01,1.04933E+02
2.82000E-02,6.30403E-03,1.55800E-01,6.85828E-01,1.23635E+01,1.04630E+02
2.82500E-02,6.24830E-03,1.56573E-01,6.87533E-01,1.23494E+01,1.03743E+02
2.83000E-02,6.30218E-03,1.55531E-01,6.81200E-01,1.22563E+01,1.03900E+02
2.83500E-02,6.28709E-03,1.54870E-01,6.74653E-01,1.22521E+01,1.02946E+02
2.84000E-02,6.34661E-03,1.54067E-01,6.74365E-01,1.22490E+01,1.02488E+02
2.84500E-02,6.34320E-03,1.53747E-01,6.80842E-01,1.21658E+01,1.01663E+02
2.85000E-02,6.34515E-03,1.52634E-01,6.83718E-01,1.22511E+01,1.00836E+02
2.85500E-02,6.33915E-03,1.54198E-01,6.76352E-01,1.23151E+01,1.00435E+02
2.86000E-02,6.33367E-03,1.54735E-01,6.67522E-01,1.23431E+01,1.01774E+02
2.86500E-02,6.29047E-03,1.55666E-01,6.67684E-01,1.22508E+01,1.01598E+02
2.87000E-02,6.28432E-03,1.56099E-01,6.64611E-01,1.22115E+01,1.01611E+02
2.87500E-02,6.32256E-03,1.54431E-01,6.67497E-01,1.22547E+01,1.02606E+02
2.88000E-02,6.31099E-03,1.55726E-01,6.69876E-01,1.22707E+01,1.02550E+02
2.88500E-02,6.28511E-03,1.54298E-01,6.75826E-01,1.22113E+01,1.01873E+02
2.89000E-02,6.30547E-03,1.52575E-01,6.78886E-01,1.22992E+01,1.02021E+02
2.89500E-02,6.24809E-03,1.51596E-01,6.80211E-01,1.24546E+01,1.04462E+02
2.90000E-02,6.20323E-03,1.50958E-01,6.82738E-01,1.23300E+01,1.04538E+02
2.90500E-02,6.18181E-03,1.50745E-01,6.88721E-01,1.22283E+01,1.04395E+02
2.91000E-02,6.18262E-03,1.50499E-01,6.81352E-01,1.23671E+01,1.03598E+02
2.91500E-02,6.16455E-03,1.49784E-01,6.86405E-01,1.24700E+01,1.03637E+02
2.92000E-02,6.17725E-03,1.49670E-01,6.87237E-01,1.25232E+01,1.03464E+02
2.92500E-02,6.11617E-03,1.47804E-01,6.83713E-01,1.25240E+01,1.05248E+02
2.93000E-02,6.07444E-03,1.47176E-01,6.91063E-01,1.24150E+01,1.04877E+02
2.93500E-02,6.02720E-03,1.47275E-01,6.93538E-01,1.22365E+01,1.03413E+02
2.94000E-02,6.01126E-03,1.46366E-01,6.84729E-01,1.20093E+01,1.04352E+02
2.94500E-02,6.00955E-03,1.45129E-01,6.88548E-01,1.20548E+01,1.04028E+02
2.95000E-02,6.03674E-03,1.45380E-01,6.87680E-01,1.19768E+01,1.04294E+02
2.95500E-02,6.02860E-03,1.46588E-01,6.80841E-01,1.19527E+01,1.04377E+02
2.96000E-02,6.00445E-03,1.44653E-01,6.80327E-01,1.20355E+01,1.04169E+02
2.96500E-02,5.98190E-03,1.46439E-01,6.88055E-01,1.20314E+01,1.04323E+02
2.97000E-02,5.95800E-03,1.45963E-01,6.92013E-01,1.20274E+01,1.04006E+02
2.97500E-02,5.94874E-03,1.47434E-01,6.98878E-01,1.20491E+01,1.03313E+02
2.98000E-02,5.91958E-03,1.48427E-01,6.98481E-01,1.21774E+01,1.02606E+02
2.98500E-02,5.95574E-03,1.49362E-01,6.98413E-01,1.22332E+01,1.02174E+02
2.99000E-02,5.95861E-03,1.49221E-01,7.01389E-01,1.22613E+01,1.01925E+02
2.99500E-02,5.86363E-03,1.49381E-01,7.04579E-01,1.23269E+01,1.01055E+02
3.00000E-02,5.82583E-03,1.48893E-01,7.06900E-01,1.23897E+01,1.01113E+02
3.00500E-02,5.78945E-03,1.49365E-01,6.97616E-01,1.23031E+01,1.00820E+02
3.01000E-02,5.86411E-03,1.49037E-01,6.92822E-01,1.22579E+01,9.94020E+01
3.01500E-02,5.89738E-03,1.48823E-01,6.93208E-01,1.22583E+01,1.00595E+02
3.02000E-02,5.93062E-03,1.49180E-01,6.91494E-01,1.23503E+01,1.00248E+02
3.02500E-02,5.91294E-03,1.49460E-01,6.85683E-01,1.24672E+01,1.01202E+02
3.03000E-02,5.84637E-03,1.47867E-01,6.85491E-01,1.24313E+01,1.01558E+02
3.03500E-02,5.82662E-03,1.47245E-01,6.79643E-01,1.24718E+01,1.01993E+02
3.04000E-02,5.89031E-03,1.47657E-01,6.84280E-01,1.25243E+01,1.01272E+02
3.04500E-02,5.87951E-03,1.47371E-01,6.80790E-01,1.26113E+01,1.02154E+02
3.05000E-02,5.88954E-03,1.47026E-01,6.86561E-01,1.25517E+01,1.01360E+02
3.05500E-02,5.85832E-03,1.47865E-01,6.85884E-01,1.25644E+01,1.00104E+02
3.06000E-02,5.82041E-03,1.49341E-01,6.95873E-01,1.24580E+01,1.00313E+02
3.06500E-02,5.77338E-03,1.49319E-01,6.94168E-01,1.24664E+01,1.01244E+02
3.07000E-02,5.74086E-03,1.48792E-01,7.02486E-01,1.24791E+01,1.02508E+02
3.07500E-02,5.76092E-03,1.50139E-01,7.00823E-01,1.25176E+01,1.02524E+02
3.08000E-02,5.73868E-03,1.50352E-01,7.05762E-01,1.24514E+01,1.01771E+02
3.08500E-02,5.74902E-03,1.52010E-01,7.06256E-01,1.25027E+01,1.02015E+02
3.09000E-02,5.77770E-03,1.50869E-01,7.00074E-01,1.22918E+01,1.02007E+02
3.09500E-02,5.71461E-03,1.52188E-01,7.00354E-01,1.22385E+01,1.01713E+02
3.10000E-02,5.70507E-03,1.51189E-01,6.92827E-01,1.22495E+01,1.02361E+02
3.10500E-02,5.72167E-03,1.48615E-01,6.98014E-01,1.22146E+01,1.01593E+02
3.11000E-02,5.70496E-03,1.47261E-01,6.99874E-01,1.22252E+01,1.01113E+02
3.11500E-02,5.71754E-03,1.45013E-01,7.02667E-01,1.22375E+01,1.00611E+02
3.12000E-02,5.69745E-03,1.44534E-01,7.05063E-01,1.22425E+01,1.00471E+02
3.12500E-02,5.73090E-03,1.45267E-01,6.93469E-01,1.24575E+01,1.00530E+02
3.13000E-02,5.77438E-03,1.43557E-01,6.98694E-01,1.23007E+01,1.00339E+02
3.13500E-02,5.76328E-03,1.42325E-01,7.05052E-01,1.22256E+01,1.01275E+02
3.14000E-02,5.81883E-03,1.41505E-01,7.00166E-01,1.22363E+01,1.01075E+02
3.14500E-02,5.83688E-03,1.42652E-01,6.99042E-01,1.21124E+01,1.00914E+02
3.15000E-02,5.84063E-03,1.43125E-01,6.97819E-01,1.20392E+01,1.00037E+02
3.15500E-02,5.82295E-03,1.43870E-01,7.03541E-01,1.19999E+01,1.00268E+02
3.16000E-02,5.84263E-03,1.44246E-01,7.04119E-01,1.19189E+01,1.00158E+02
3.16500E-02,5.85965E-03,1.45120E-01,6.98369E-01,1.19104E+01,1.00381E+02
3.17000E-02,5.84894E-03,1.44340E-01,6.99886E-01,1.19353E+01,9.95422E+01
3.17500E-02,5.90573E-03,1.45184E-01,7.02206E-01,1.18958E+01,9.84784E+01
3.18000E-02,5.93876E-03,1.45818E-01,7.07771E-01,1.18729E+01,9.86371E+01
3.18500E-02,5.92825E-03,1.45890E-01,7.02924E-01,1.18854E+01,9.87527E+01
3.19000E-02,5.92552E-03,1.46389E-01,6.95828E-01,1.16941E+01,9.87229E+01
3.19500E-02,5.89298E-03,1.46413E-01,6.90097E-01,1.16050E+01,9.76165E+01
3.20000E-02,5.93144E-03,1.46722E-01,6.88756E-01,1.15103E+01,9.78731E+01
3.20500E-02,5.89404E-03,1.47117E-01,6.90152E-01,1.15919E+01,9.68522E+01
3.21000E-02,5.86201E-03,1.45556E-01,6.93451E-01,1.16068E+01,9.66555E+01
3.21500E-02,5.87220E-03,1.45958E-01,6.96755E-01,1.16803E+01,9.71316E+01
3.22000E-02,5.88403E-03,1.47151E-01,7.04864E-01,1.17589E+01,9.76095E+01
3.22500E-02,5.88871E-03,1.45678E-01,7.00518E-01,1.16961E+01,9.80194E+01
3.23000E-02,5.85042E-03,1.44884E-01,6.99427E-01,1.17057E+01,9.68351E+01
3.23500E-02,5.87336E-03,1.44540E-01,7.04291E-01,1.16234E+01,9.58099E+01
3.24000E-02,5.85250E-03,1.45941E-01,7.02306E-01,1.16723E+01,9.63175E+01
3.24500E-02,5.84760E-03,1.43961E-01,7.03382E-01,1.15962E+01,9.67602E+01
3.25000E-02,5.75757E-03,1.43101E-01,7.07205E-01,1.17551E+01,9.72904E+01
3.25500E-02,5.73170E-03,1.42351E-01,7.11845E-01,1.17206E+01,9.66146E+01
3.26000E-02,5.70832E-03,1.40964E-01,7.06198E-01,1.18441E+01,9.66537E+01
3.26500E-02,5.75641E-03,1.40150E-01,7.09146E-01,1.17707E+01,9.72615E+01
3.27000E-02,5.72647E-03,1.40359E-01,7.16428E-01,1.17167E+01,9.72752E+01
3.27500E-02,5.70859E-03,1.39662E-01,7.29215E-01,1.16495E+01,9.76565E+01
3.28000E-02,5.68856E-03,1.39445E-01,7.21161E-01,1.15724E+01,9.91532E+01
3.28500E-02,5.66879E-03,1.39729E-01,7.20216E-01,1.16877E+01,9.96033E+01
3.29000E-02,5.62818E-03,1.39863E-01,7.21155E-01,1.17181E+01,9.89235E+01
3.29500E-02,5.66747E-03,1.40320E-01,7.26473E-01,1.17803E+01,9.82465E+01
3.30000E-02,5.67482E-03,1.42328E-01,7.36972E-01,1.16874E+01,9.75560E+01
3.30500E-02,5.56927E-03,1.41746E-01,7.41577E-01,1.16741E+01,9.79025E+01
3.31000E-02,5.55138E-03,1.42866E-01,7.35814E-01,1.18211E+01,9.66792E+01
3.31500E-02,5.52417E-03,1.42638E-01,7.34942E-01,1.18899E+01,9.56961E+01
3.32000E-02,5.50603E-03,1.42317E-01,7.31767E-01,1.18358E+01,9.50838E+01
3.32500E-02,5.54576E-03,1.39885E-01,7.29242E-01,1.19382E+01,9.44663E+01
3.33000E-02,5.55339E-03,1.39208E-01,7.39268E-01,1.19957E+01,9.47883E+01
3.33500E-02,5.56854E-03,1.38420E-01,7.38256E-01,1.19497E+01,9.44563E+01
3.34000E-02,5.56598E-03,1.38425E-01,7.42632E-01,1.20222E+01,9.49557E+01
3.34500E-02,5.54362E-03,1.36814E-01,7.49838E-01,1.20105E+01,9.47204E+01
3.35000E-02,5.54059E-03,1.38264E-01,7.49977E-01,1.20668E+01,9.42045E+01
3.35500E-02,5.52066E-03,1.37470E-01,7.52089E-01,1.21516E+01,9.51416E+01
3.36000E-02,5.48671E-03,1.39113E-01,7.53015E-01,1.20059E+01,9.57728E+01
3.36500E-02,5.46278E-03,1.38950E-01,7.54282E-01,1.18994E+01,9.55536E+01
3.37000E-02,5.44490E-03,1.40875E-01,7.60195E-01,1.19336E+01,9.52105E+01
3.37500E-02,5.52999E-03,1.42860E-01,7.60483E-01,1.19429E+01,9.54898E+01
3.38000E-02,5.56720E-03,1.42116E-01,7.62350E-01,1.21017E+01,9.60152E+01
3.38500E-02,5.58923E-03,1.42019E-01,7.63115E-01,1.20706E+01,9.57155E+01
3.39000E-02,5.55288E-03,1.42513E-01,7.60094E-01,1.21193E+01,9.53757E+01
3.39500E-02,5.58225E-03,1.41507E-01,7.57022E-01,1.21071E+01,9.36983E+01
3.40000E-02,5.57634E-03,1.40009E-01,7.50493E-01,1.22237E+01,9.39459E+01
3.40500E-02,5.59913E-03,1.38015E-01,7.49864E-01,1.22421E+01,9.33642E+01
3.41000E-02,5.58570E-03,1.39051E-01,7.48757E-01,1.21560E+01,9.29807E+01
3.41500E-02,5.48579E-03,1.39522E-01,7.57843E-01,1.22313E+01,9.14140E+01
3.42000E-02,5.58658E-03,1.41258E-01,7.54834E-01,1.21636E+01,9.14648E+01
3.42500E-02,5.62206E-03,1.41810E-01,7.55123E-01,1.20578E+01,9.10618E+01
3.43000E-02,5.68967E-03,1.41407E-01,7.52961E-01,1.20627E+01,9.09816E+01
3.43500E-02,5.66644E-03,1.42225E-01,7.56675E-01,1.21456E+01,9.13445E+01
3.44000E-02,5.63938E-03,1.43263E-01,7.58051E-01,1.21990E+01,9.10490E+01
3.44500E-02,5.63253E-03,1.42110E-01,7.58626E-01,1.21847E+01,9.09516E+01
3.45000E-02,5.57037E-03,1.41804E-01,7.56508E-01,1.21298E+01,8.95867E+01
3.45500E-02,5.55872E-03,1.42340E-01,7.52087E-01,1.22597E+01,9.00867E+01
3.46000E-02,5.56010E-03,1.42495E-01,7.59767E-01,1.22474E+01,8.92192E+01
3.46500E-02,5.55204E-03,1.43231E-01,7.65072E-01,1.22171E+01,8.93306E+01
3.47000E-02,5.57167E-03,1.42153E-01,7.55195E-01,1.21800E+01,8.96564E+01
3.47500E-02,5.55693E-03,1.44046E-01,7.58407E-01,1.22260E+01,8.94152E+01
3.48000E-02,5.56531E-03,1.44020E-01,7.53608E-01,1.21128E+01,9.01438E+01
3.48500E-02,5.56410E-03,1.43280E-01,7.50186E-01,1.20401E+01,9.14418E+01
3.49000E-02,5.57306E-03,1.43454E-01,7.49617E-01,1.20418E+01,9.18241E+01
3.49500E-02,5.54722E-03,1.43274E-01,7.38235E-01,1.20254E+01,9.17990E+01
3.50000E-02,5.55388E-03,1.43564E-01,7.45569E-01,1.19877E+01,9.15507E+01
3.50500E-02,5.56050E-03,1.43452E-01,7.43532E-01,1.19836E+01,9.06133E+01
3.51000E-02,5.53580E-03,1.45514E-01,7.41611E-01,1.19673E+01,8.94084E+01
3.51500E-02,5.51221E-03,1.46627E-01,7.47268E-01,1.18697E+01,8.84955E+01
3.52000E-02,5.52512E-03,1.44792E-01,7.49588E-01,1.19116E+01,8.89960E+01
3.52500E-02,5.52228E-03,1.45904E-01,7.49948E-01,1.19592E+01,8.82353E+01
3.53000E-02,5.55244E-03,1.44402E-01,7.58273E-01,1.19396E+01,8.85690E+01
3.53500E-02,5.57231E-03,1.45022E-01,7.53984E-01,1.20028E+01,8.85788E+01
3.54000E-02,5.55158E-03,1.45957E-01,7.54886E-01,1.21094E+01,8.83870E+01
3.54500E-02,5.56412E-03,1.45314E-01,7.57431E-01,1.20533E+01,8.82035E+01
3.55000E-02,5.56535E-03,1.43927E-01,7.47998E-01,1.20873E+01,8.84885E+01
3.55500E-02,5.58246E-03,1.46200E-01,7.54253E-01,1.21660E+01,8.85488E+01
3.56000E-02,5.59738E-03,1.47662E-01,7.53676E-01,1.20423E+01,8.84526E+01
3.56500E-02,5.59398E-03,1.47447E-01,7.52479E-01,1.19031E+01,8.80143E+01
3.57000E-02,5.56316E-03,1.47152E-01,7.46869E-01,1.18653E+01,8.75133E+01
3.57500E-02,5.47657E-03,1.47136E-01,7.45680E-01,1.18631E+01,8.85212E+01
3.58000E-02,5.48219E-03,1.48354E-01,7.50954E-01,1.18975E+01,8.91368E+01
3.58500E-02,5.48998E-03,1.46478E-01,7.44935E-01,1.17971E+01,8.92852E+01
3.59000E-02,5.48026E-03,1.45285E-01,7.54899E-01,1.17753E+01,8.96577E+01
3.59500E-02,5.46499E-03,1.45534E-01,7.47464E-01,1.17863E+01,9.03313E+01
3.60000E-02,5.46167E-03,1.47537E-01,7.55537E-01,1.17374E+01,9.07654E+01
3.60500E-02,5.47212E-03,1.48257E-01,7.40553E-01,1.16769E+01,9.06332E+01
3.61000E-02,5.48593E-03,1.47696E-01,7.56788E-01,1.17370E+01,8.95151E+01
3.61500E-02,5.48785E-03,1.47063E-01,7.55665E-01,1.16343E+01,9.02585E+01
3.62000E-02,5.41693E-03,1.45800E-01,7.56338E-01,1.15435E+01,8.94757E+01
3.62500E-02,5.40587E-03,1.43274E-01,7.63015E-01,1.17288E+01,8.90671E+01
3.63000E-02,5.38696E-03,1.43161E-01,7.54916E-01,1.17491E+01,8.87210E+01
3.63500E-02,5.38962E-03,1.42619E-01,7.57905E-01,1.19011E+01,8.99686E+01
3.64000E-02,5.44158E-03,1.42727E-01,7.60585E-01,1.20464E+01,8.88596E+01
3.64500E-02,5.49486E-03,1.41454E-01,7.57341E-01,1.21053E+01,8.91295E+01
3.65000E-02,5.47325E-03,1.40383E-01,7.45593E-01,1.20149E+01,8.99082E+01
3.65500E-02,5.43417E-03,1.40807E-01,7.32533E-01,1.20199E+01,8.91898E+01
3.66000E-02,5.38702E-03,1.40411E-01,7.34447E-01,1.19400E+01,8.86151E+01
3.66500E-02,5.41153E-03,1.39582E-01,7.40474E-01,1.19312E+01,8.82727E+01
3.67000E-02,5.44325E-03,1.39395E-01,7.39024E-01,1.18628E+01,8.84561E+01
3.67500E-02,5.42518E-03,1.38635E-01,7.35249E-01,1.19459E+01,8.88201E+01
3.68000E-02,5.40892E-03,1.37469E-01,7.40689E-01,1.18992E+01,8.86403E+01
3.68500E-02,5.42825E-03,1.37380E-01,7.47944E-01,1.18272E+01,8.84737E+01
3.69000E-02,5.47010E-03,1.38755E-01,7.52634E-01,1.18886E+01,8.84744E+01
3.69500E-02,5.46446E-03,1.37864E-01,7.51096E-01,1.18551E+01,8.78581E+01
3.70000E-02,5.46913E-03,1.38797E-01,7.52097E-01,1.18842E+01,8.70645E+01
3.70500E-02,5.46171E-03,1.38868E-01,7.45423E-01,1.18808E+01,8.73872E+01
3.71000E-02,5.44313E-03,1.37802E-01,7.41529E-01,1.17771E+01,8.75122E+01
3.71500E-02,5.46885E-03,1.36974E-01,7.46417E-01,1.18025E+01,8.74779E+01
3.72000E-02,5.39996E-03,1.37420E-01,7.47849E-01,1.17168E+01,8.73802E+01
3.72500E-02,5.38375E-03,1.38192E-01,7.39998E-01,1.17181E+01,8.59366E+01
3.73000E-02,5.38903E-03,1.37880E-01,7.48764E-01,1.16699E+01,8.57658E+01
3.73500E-02,5.43840E-03,1.36275E-01,7.56927E-01,1.17821E+01,8.52172E+01
3.74000E-02,5.48369E-03,1.35640E-01,7.58200E-01,1.19144E+01,8.55766E+01
3.74500E-02,5.49521E-03,1.36810E-01,7.54456E-01,1.19219E+01,8.58378E+01
3.75000E-02,5.49834E-03,1.37688E-01,7.55969E-01,1.18428E+01,8.64530E+01
3.75500E-02,5.53519E-03,1.37403E-01,7.60385E-01,1.19569E+01,8.73794E+01
3.76000E-02,5.54725E-03,1.36533E-01,7.64038E-01,1.18648E+01,8.75561E+01
3.76500E-02,5.55029E-03,1.36477E-01,7.55692E-01,1.19257E+01,8.87380E+01
3.77000E-02,5.55157E-03,1.36309E-01,7.62038E-01,1.19496E+01,8.95444E+01
3.77500E-02,5.52768E-03,1.36096E-01,7.57105E-01,1.19690E+01,8.81414E+01
3.78000E-02,5.47194E-03,1.36165E-01,7.58219E-01,1.20573E+01,8.84358E+01
3.78500E-02,5.47352E-03,1.36619E-01,7.61856E-01,1.20552E+01,8.94569E+01
3.79000E-02,5.51278E-03,1.36741E-01,7.59917E-01,1.20647E+01,8.98342E+01
3.79500E-02,5.51587E-03,1.36924E-01,7.58852E-01,1.21654E+01,8.92508E+01
3.80000E-02,5.53880E-03,1.37772E-01,7.59601E-01,1.21590E+01,8.85081E+01
3.80500E-02,5.50068E-03,1.37083E-01,7.68903E-01,1.21713E+01,8.89221E+01
3.81000E-02,5.47365E-03,1.36041E-01,7.69836E-01,1.22108E+01,8.89201E+01
3.81500E-02,5.46486E-03,1.37012E-01,7.69071E-01,1.22233E+01,8.87756E+01
3.82000E-02,5.41400E-03,1.38299E-01,7.78224E-01,1.24160E+01,8.79685E+01
3.82500E-02,5.45849E-03,1.37946E-01,7.82654E-01,1.24262E+01,8.85570E+01
3.83000E-02,5.40418E-03,1.38791E-01,7.85889E-01,1.22032E+01,8.77232E+01
3.83500E-02,5.40990E-03,1.36804E-01,7.90474E-01,1.21615E+01,8.78343E+01
3.84000E-02,5.42479E-03,1.37165E-01,7.88443E-01,1.22725E+01,8.90415E+01
3.84500E-02,5.43748E-03,1.35654E-01,7.90688E-01,1.22819E+01,8.98684E+01
3.85000E-02,5.42076E-03,1.34073E-01,7.79482E-01,1.23139E+01,8.91429E+01
3.85500E-02,5.35019E-03,1.33734E-01,7.82042E-01,1.23122E+01,8.87024E+01
3.86000E-02,5.36401E-03,1.32074E-01,7.75266E-01,1.21220E+01,8.83290E+01
3.86500E-02,5.32110E-03,1.32612E-01,7.72450E-01,1.20592E+01,8.87722E+01
3.87000E-02,5.37326E-03,1.32933E-01,7.70386E-01,1.21998E+01,8.89703E+01
3.87500E-02,5.40034E-03,1.33413E-01,7.80868E-01,1.21019E+01,8.84762E+01
3.88000E-02,5.49691E-03,1.33364E-01,7.83098E-01,1.20584E+01,8.90670E+01
3.88500E-02,5.45832E-03,1.32621E-01,7.78578E-01,1.21628E+01,8.93796E+01
3.89000E-02,5.50558E-03,1.31512E-01,7.77851E-01,1.20763E+01,9.00861E+01
3.89500E-02,5.56139E-03,1.31489E-01,7.76620E-01,1.21690E+01,8.92275E+01
3.90000E-02,5.50459E-03,1.31988E-01,7.73436E-01,1.23337E+01,8.93607E+01
3.90500E-02,5.48865E-03,1.31735E-01,7.74569E-01,1.22370E+01,8.87730E+01
3.91000E-02,5.55776E-03,1.31930E-01,7.76519E-01,1.24197E+01,8.85645E+01
3.91500E-02,5.55841E-03,1.31907E-01,7.68366E-01,1.23367E+01,8.87532E+01
3.92000E-02,5.56731E-03,1.31770E-01,7.68054E-01,1.23810E+01,8.86664E+01
3.92500E-02,5.51170E-03,1.31051E-01,7.69747E-01,1.23408E+01,8.92882E+01
3.93000E-02,5.47145E-03,1.29479E-01,7.57995E-01,1.23424E+01,8.89465E+01
3.93500E-02,5.46219E-03,1.29427E-01,7.61701E-01,1.22342E+01,8.91900E+01
3.94000E-02,5.51552E-03,1.29868E-01,7.57377E-01,1.21956E+01,8.87400E+01
3.94500E-02,5.56697E-03,1.31392E-01,7.56652E-01,1.22787E+01,8.83700E+01
3.95000E-02,5.55242E-03,1.31776E-01,7.57853E-01,1.22771E+01,8.80977E+01
3.95500E-02,5.56729E-03,1.31158E-01,7.58867E-01,1.23085E+01,8.75394E+01
3.96000E-02,5.59322E-03,1.30321E-01,7.60077E-01,1.23162E+01,8.76565E+01
3.96500E-02,5.58823E-03,1.30785E-01,7.58873E-01,1.22992E+01,8.75921E+01
3.97000E-02,5.55591E-03,1.31753E-01,7.58297E-01,1.21748E+01,8.82233E+01
3.97500E-02,5.54547E-03,1.31328E-01,7.69089E-01,1.22033E+01,8.74576E+01
3.98000E-02,5.57213E-03,1.31737E-01,7.59503E-01,1.21618E+01,8.75026E+01
3.98500E-02,5.54433E-03,1.32474E-01,7.68539E-01,1.23156E+01,8.71316E+01
3.99000E-02,5.55621E-03,1.32365E-01,7.77159E-01,1.23383E+01,8.62875E+01
3.99500E-02,5.52157E-03,1.31778E-01,7.78709E-01,1.22142E+01,8.62474E+01
4.00000E-02,5.51564E-03,1.32307E-01,7.71853E-01,1.21794E+01,8.63702E+01
4.00500E-02,5.52993E-03,1.31820E-01,7.77742E-01,1.20294E+01,8.60613E+01
4.01000E-02,5.52446E-03,1.31010E-01,7.88352E-01,1.19780E+01,8.68830E+01
4.01500E-02,5.50925E-03,1.31877E-01,7.97901E-01,1.20198E+01,8.69816E+01
4.02000E-02,5.47709E-03,1.32272E-01,8.01192E-01,1.20135E+01,8.71251E+01
4.02500E-02,5.50291E-03,1.31579E-01,8.03685E-01,1.19045E+01,8.63844E+01
4.03000E-02,5.44428E-03,1.31146E-01,8.04236E-01,1.19794E+01,8.73248E+01
4.03500E-02,5.39191E-03,1.31335E-01,8.03128E-01,1.19425E+01,8.67151E+01
4.04000E-02,5.35695E-03,1.30705E-01,8.02886E-01,1.19600E+01,8.73394E+01
4.04500E-02,5.32632E-03,1.30662E-01,8.06190E-01,1.19377E+01,8.83129E+01
4.05000E-02,5.33801E-03,1.30139E-01,8.06472E-01,1.19524E+01,8.85082E+01
4.05500E-02,5.30470E-03,1.29811E-01,8.13360E-01,1.20791E+01,8.93400E+01
4.06000E-02,5.33139E-03,1.29466E-01,8.12525E-01,1.20710E+01,8.98956E+01
4.06500E-02,5.37015E-03,1.29971E-01,8.16785E-01,1.21647E+01,9.07848E+01
4.07000E-02,5.36668E-03,1.30869E-01,8.14161E-01,1.22050E+01,8.96856E+01
4.07500E-02,5.29166E-03,1.31145E-01,8.21598E-01,1.21353E+01,8.97941E+01
4.08000E-02,5.28929E-03,1.30694E-01,8.20083E-01,1.21200E+01,8.99156E+01
4.08500E-02,5.24562E-03,1.33330E-01,8.31825E-01,1.22316E+01,8.94916E+01
4.09000E-02,5.22048E-03,1.33479E-01,8.43765E-01,1.22707E+01,8.87478E+01
4.09500E-02,5.21000E-03,1.33509E-01,8.49611E-01,1.23486E+01,8.76332E+01
4.10000E-02,5.22858E-03,1.33783E-01,8.42169E-01,1.25065E+01,8.84042E+01
4.10500E-02,5.24569E-03,1.33141E-01,8.40036E-01,1.26532E+01,8.85298E+01
4.11000E-02,5.29199E-03,1.34161E-01,8.49189E-01,1.25660E+01,8.83860E+01
4.11500E-02,5.34132E-03,1.35017E-01,8.56531E-01,1.24426E+01,8.92714E+01
4.12000E-02,5.32761E-03,1.36300E-01,8.63847E-01,1.24744E+01,8.83955E+01
4.12500E-02,5.34108E-03,1.35778E-01,8.77621E-01,1.23824E+01,8.73070E+01
4.13000E-02,5.37155E-03,1.34829E-01,8.81725E-01,1.23221E+01,8.60852E+01
4.13500E-02,5.39538E-03,1.33066E-01,8.85794E-01,1.23591E+01,8.55670E+01
4.14000E-02,5.37257E-03,1.33479E-01,8.76210E-01,1.24127E+01,8.64493E+01
4.14500E-02,5.30847E-03,1.32479E-01,8.76024E-01,1.22950E+01,8.64101E+01
4.15000E-02,5.40469E-03,1.32262E-01,8.74082E-01,1.24394E+01,8.63050E+01
4.15500E-02,5.48931E-03,1.34184E-01,8.82016E-01,1.24957E+01,8.54084E+01
4.16000E-02,5.45820E-03,1.34376E-01,8.80300E-01,1.24482E+01,8.50509E+01
4.16500E-02,5.46831E-03,1.34599E-01,8.73046E-01,1.26365E+01,8.51928E+01
4.17000E-02,5.48878E-03,1.33120E-01,8.76748E-01,1.25700E+01,8.50656E+01
4.17500E-02,5.43520E-03,1.30985E-01,8.81244E-01,1.25178E+01,8.52430E+01
4.18000E-02,5.45043E-03,1.30002E-01,8.83512E-01,1.26530E+01,8.51739E+01
4.18500E-02,5.51061E-03,1.29887E-01,8.92966E-01,1.25645E+01,8.50034E+01
4.19000E-02,5.59555E-03,1.30006E-01,8.87261E-01,1.25950E+01,8.57953E+01
4.19500E-02,5.57827E-03,1.27771E-01,8.86418E-01,1.27076E+01,8.60008E+01
4.20000E-02,5.59129E-03,1.27807E-01,8.80415E-01,1.26859E+01,8.57370E+01
4.20500E-02,5.56562E-03,1.28460E-01,8.85693E-01,1.28480E+01,8.52157E+01
4.21000E-02,5.59332E-03,1.29828E-01,8.82765E-01,1.27752E+01,8.41351E+01
4.21500E-02,5.64123E-03,1.29977E-01,8.90199E-01,1.28304E+01,8.47890E+01
4.22000E-02,5.60517E-03,1.30085E-01,8.91242E-01,1.28329E+01,8.43144E+01
4.22500E-02,5.59837E-03,1.28675E-01,8.98803E-01,1.27131E+01,8.34901E+01
4.23000E-02,5.65213E-03,1.29025E-01,8.90983E-01,1.26527E+01,8.34196E+01
4.23500E-02,5.58550E-03,1.28873E-01,8.88829E-01,1.26532E+01,8.35740E+01
4.24000E-02,5.57654E-03,1.29694E-01,8.87617E-01,1.26034E+01,8.35014E+01
4.24500E-02,5.56085E-03,1.31294E-01,8.89738E-01,1.25956E+01,8.36281E+01
4.25000E-02,5.48228E-03,1.32956E-01,8.83561E-01,1.26075E+01,8.34624E+01
4.25500E-02,5.56876E-03,1.32938E-01,8.75340E-01,1.27550E+01,8.37048E+01
4.26000E-02,5.55454E-03,1.32767E-01,8.81865E-01,1.28920E+01,8.38083E+01
4.26500E-02,5.62426E-03,1.30519E-01,8.86959E-01,1.28477E+01,8.42713E+01
4.27000E-02,5.63970E-03,1.31256E-01,8.80872E-01,1.27775E+01,8.46620E+01
4.27500E-02,5.57665E-03,1.30055E-01,8.76808E-01,1.27302E+01,8.52442E+01
4.28000E-02,5.62816E-03,1.29150E-01,8.80535E-01,1.28427E+01,8.52847E+01
4.28500E-02,5.60611E-03,1.28435E-01,8.82337E-01,1.28943E+01,8.50411E+01
4.29000E-02,5.62329E-03,1.27637E-01,8.91008E-01,1.27818E+01,8.38235E+01
4.29500E-02,5.60418E-03,1.26873E-01,8.89311E-01,1.27349E+01,8.48715E+01
4.30000E-02,5.65035E-03,1.26568E-01,8.95988E-01,1.27102E+01,8.45569E+01
4.30500E-02,5.68210E-03,1.26563E-01,9.11544E-01,1.27433E+01,8.44167E+01
4.31000E-02,5.66043E-03,1.27522E-01,9.10924E-01,1.25816E+01,8.39728E+01
4.31500E-02,5.69106E-03,1.25909E-01,9.14663E-01,1.25916E+01,8.46997E+01
4.32000E-02,5.62901E-03,1.26443E-01,9.10482E-01,1.25687E+01,8.43479E+01
4.32500E-02,5.58899E-03,1.26893E-01,9.07364E-01,1.25762E+01,8.38364E+01
4.33000E-02,5.60784E-03,1.26967E-01,9.04803E-01,1.26398E+01,8.38236E+01
4.33500E-02,5.57050E-03,1.26917E-01,9.12322E-01,1.25750E+01,8.34158E+01
4.34000E-02,5.56961E-03,1.25954E-01,9.29872E-01,1.25927E+01,8.36935E+01
4.34500E-02,5.60496E-03,1.25231E-01,9.30596E-01,1.25603E+01,8.34853E+01
4.35000E-02,5.60004E-03,1.24327E-01,9.26046E-01,1.26041E+01,8.24452E+01
4.35500E-02,5.60625E-03,1.23800E-01,9.18760E-01,1.26652E+01,8.19726E+01
4.36000E-02,5.59539E-03,1.23529E-01,9.14164E-01,1.28418E+01,8.16039E+01
4.36500E-02,5.62097E-03,1.25268E-01,9.23692E-01,1.28618E+01,8.30386E+01
4.37000E-02,5.65666E-03,1.25064E-01,9.20651E-01,1.29240E+01,8.21748E+01
4.37500E-02,5.62624E-03,1.25722E-01,9.21005E-01,1.28527E+01,8.19661E+01
4.38000E-02,5.65499E-03,1.26696E-01,9.25523E-01,1.28991E+01,8.17061E+01
4.38500E-02,5.62158E-03,1.27394E-01,9.26230E-01,1.29405E+01,8.10364E+01
4.39000E-02,5.62840E-03,1.28328E-01,9.26030E-01,1.28297E+01,8.13607E+01
4.39500E-02,5.61926E-03,1.29619E-01,9.26781E-01,1.29767E+01,8.16163E+01
4.40000E-02,5.57919E-03,1.30040E-01,9.28125E-01,1.29029E+01,8.17672E+01
4.40500E-02,5.61423E-03,1.30726E-01,9.29970E-01,1.27948E+01,8.25957E+01
4.41000E-02,5.58542E-03,1.31191E-01,9.41937E-01,1.27938E+01,8.23331E+01
4.41500E-02,5.55784E-03,1.31610E-01,9.49631E-01,1.26926E+01,8.22966E+01
4.42000E-02,5.54435E-03,1.29680E-01,9.44400E-01,1.26285E+01,8.21889E+01
4.42500E-02,5.55807E-03,1.29804E-01,9.58530E-01,1.26328E+01,8.16185E+01
4.43000E-02,5.59017E-03,1.29855E-01,9.51282E-01,1.25426E+01,8.15912E+01
4.43500E-02,5.56599E-03,1.28949E-01,9.63050E-01,1.25113E+01,8.03375E+01
4.44000E-02,5.53596E-03,1.28119E-01,9.54310E-01,1.25472E+01,8.00450E+01
4.44500E-02,5.51136E-03,1.27712E-01,9.55559E-01,1.23977E+01,8.02232E+01
4.45000E-02,5.57431E-03,1.27078E-01,9.65536E-01,1.23811E+01,7.98585E+01
4.45500E-02,5.57056E-03,1.27674E-01,9.72780E-01,1.24549E+01,7.98975E+01
4.46000E-02,5.59572E-03,1.29620E-01,9.73523E-01,1.24224E+01,7.96483E+01
4.46500E-02,5.65062E-03,1.29187E-01,9.63230E-01,1.24879E+01,7.99129E+01
4.47000E-02,5.61938E-03,1.29144E-01,9.66041E-01,1.25046E+01,8.08598E+01
4.47500E-02,5.65777E-03,1.29681E-01,9.70765E-01,1.22794E+01,8.10524E+01
4.48000E-02,5.68076E-03,1.29216E-01,9.66314E-01,1.22338E+01,8.16158E+01
4.48500E-02,5.74819E-03,1.29087E-01,9.53743E-01,1.23816E+01,8.17205E+01
4.49000E-02,5.82717E-03,1.28413E-01,9.48062E-01,1.21871E+01,8.10531E+01
4.49500E-02,5.88746E-03,1.27787E-01,9.47867E-01,1.22508E+01,8.06574E+01
4.50000E-02,5.90125E-03,1.28916E-01,9.67462E-01,1.22853E+01,8.10141E+01
4.50500E-02,5.94586E-03,1.27837E-01,9.66601E-01,1.24575E+01,8.09543E+01
4.51000E-02,5.95706E-03,1.28205E-01,9.69120E-01,1.25176E+01,8.08995E+01
4.51500E-02,5.96890E-03,1.27841E-01,9.66641E-01,1.25547E+01,8.05034E+01
4.52000E-02,5.97489E-03,1.27206E-01,9.55125E-01,1.25613E+01,8.10168E+01
4.52500E-02,6.02089E-03,1.28462E-01,9.45796E-01,1.25730E+01,8.15414E+01
4.53000E-02,5.99947E-03,1.29555E-01,9.37911E-01,1.26485E+01,8.24712E+01
4.53500E-02,6.02226E-03,1.30840E-01,9.42904E-01,1.27448E+01,8.15834E+01
4.54000E-02,5.98272E-03,1.30422E-01,9.33737E-01,1.26271E+01,8.18111E+01
4.54500E-02,6.05362E-03,1.31544E-01,9.24749E-01,1.26057E+01,8.16390E+01
4.55000E-02,6.08317E-03,1.32013E-01,9.21195E-01,1.25830E+01,8.17664E+01
4.55500E-02,5.99946E-03,1.30643E-01,9.29599E-01,1.25688E+01,8.21301E+01
4.56000E-02,6.06894E-03,1.31669E-01,9.44965E-01,1.25427E+01,8.29009E+01
4.56500E-02,6.13390E-03,1.32696E-01,9.37964E-01,1.25184E+01,8.28937E+01
4.57000E-02,6.19645E-03,1.32572E-01,9.27957E-01,1.24475E+01,8.31464E+01
4.57500E-02,6.19051E-03,1.31038E-01,9.43241E-01,1.24813E+01,8.28683E+01
4.58000E-02,6.18049E-03,1.29853E-01,9.45347E-01,1.24349E+01,8.29633E+01
4.58500E-02,6.18517E-03,1.32055E-01,9.54890E-01,1.23820E+01,8.39781E+01
4.59000E-02,6.13158E-03,1.31283E-01,9.44095E-01,1.24840E+01,8.39701E+01
4.59500E-02,6.11153E-03,1.31606E-01,9.46819E-01,1.24793E+01,8.45282E+01
4.60000E-02,6.17630E-03,1.31841E-01,9.42681E-01,1.25439E+01,8.47017E+01
4.60500E-02,6.21169E-03,1.32464E-01,9.51210E-01,1.25339E+01,8.44572E+01
4.61000E-02,6.20516E-03,1.32733E-01,9.52446E-01,1.25083E+01,8.46236E+01
4.61500E-02,6.12692E-03,1.33886E-01,9.49140E-01,1.23086E+01,8.48311E+01
4.62000E-02,6.14212E-03,1.34603E-01,9.53976E-01,1.22965E+01,8.43123E+01
4.62500E-02,6.13999E-03,1.35021E-01,9.54462E-01,1.22131E+01,8.48052E+01
4.63000E-02,6.16635E-03,1.33818E-01,9.64004E-01,1.21826E+01,8.57747E+01
4.63500E-02,6.17515E-03,1.33305E-01,9.67082E-01,1.21809E+01,8.56541E+01
4.64000E-02,6.18888E-03,1.32994E-01,9.69371E-01,1.21430E+01,8.62698E+01
4.64500E-02,6.20808E-03,1.32681E-01,9.66273E-01,1.22366E+01,8.69738E+01
4.65000E-02,6.24580E-03,1.33575E-01,9.67757E-01,1.22085E+01,8.64193E+01
4.65500E-02,6.25624E-03,1.33072E-01,9.54972E-01,1.21996E+01,8.75517E+01
4.66000E-02,6.27097E-03,1.33238E-01,9.48357E-01,1.23440E+01,8.65531E+01
4.66500E-02,6.26609E-03,1.32291E-01,9.56898E-01,1.24308E+01,8.64562E+01
4.67000E-02,6.23104E-03,1.31661E-01,9.52105E-01,1.24308E+01,8.53724E+01
4.67500E-02,6.17346E-03,1.30410E-01,9.57978E-01,1.24518E+01,8.64602E+01
4.68000E-02,6.19819E-03,1.31592E-01,9.62780E-01,1.24784E+01,8.59579E+01
4.68500E-02,6.22432E-03,1.32676E-01,9.54874E-01,1.24338E+01,8.63540E+01
4.69000E-02,6.24170E-03,1.31952E-01,9.58550E-01,1.24035E+01,8.68994E+01
4.69500E-02,6.21968E-03,1.30945E-01,9.71942E-01,1.23431E+01,8.78062E+01
4.70000E-02,6.16027E-03,1.31026E-01,9.82096E-01,1.24015E+01,8.72867E+01
4.70500E-02,6.12872E-03,1.30695E-01,9.81998E-01,1.24082E+01,8.67147E+01
4.71000E-02,6.06537E-03,1.30044E-01,9.69930E-01,1.25320E+01,8.63156E+01
4.71500E-02,6.06337E-03,1.29206E-01,9.80133E-01,1.26020E+01,8.62346E+01
4.72000E-02,6.07475E-03,1.28466E-01,9.79657E-01,1.26467E+01,8.62107E+01
4.72500E-02,6.11700E-03,1.27206E-01,9.84107E-01,1.28294E+01,8.47850E+01
4.73000E-02,6.05591E-03,1.28032E-01,9.96971E-01,1.28507E+01,8.45123E+01
4.73500E-02,6.03320E-03,1.27675E-01,9.85436E-01,1.29303E+01,8.47279E+01
4.74000E-02,6.06246E-03,1.28411E-01,9.84032E-01,1.29614E+01,8.50208E+01
4.74500E-02,6.00461E-03,1.29250E-01,9.86984E-01,1.29588E+01,8.56248E+01
4.75000E-02,6.01701E-03,1.28677E-01,9.70913E-01,1.29431E+01,8.60704E+01
4.75500E-02,6.08929E-03,1.28283E-01,9.76249E-01,1.30137E+01,8.71825E+01
4.76000E-02,6.11083E-03,1.27336E-01,9.80515E-01,1.27379E+01,8.68870E+01
4.76500E-02,6.10600E-03,1.25889E-01,9.91463E-01,1.29117E+01,8.70303E+01
4.77000E-02,6.16635E-03,1.25841E-01,9.84524E-01,1.29682E+01,8.74318E+01
4.77500E-02,6.14766E-03,1.25994E-01,9.87253E-01,1.29264E+01,8.90465E+01
4.78000E-02,6.14158E-03,1.25711E-01,9.97512E-01,1.30827E+01,8.93182E+01
4.78500E-02,6.14157E-03,1.24535E-01,9.95905E-01,1.30586E+01,8.86674E+01
4.79000E-02,6.00561E-03,1.24125E-01,9.91204E-01,1.32130E+01,8.92324E+01
4.79500E-02,5.95338E-03,1.25084E-01,9.87674E-01,1.34183E+01,8.99998E+01
4.80000E-02,5.96386E-03,1.26286E-01,9.92411E-01,1.34384E+01,9.04040E+01
4.80500E-02,5.97872E-03,1.26136E-01,9.98014E-01,1.36504E+01,9.02072E+01
4.81000E-02,5.92833E-03,1.26127E-01,9.95857E-01,1.35761E+01,9.07962E+01
4.81500E-02,5.88005E-03,1.25333E-01,9.98567E-01,1.34998E+01,9.09063E+01
4.82000E-02,5.83448E-03,1.25712E-01,1.01059E+00,1.35028E+01,9.11245E+01
4.82500E-02,5.83068E-03,1.24600E-01,1.01153E+00,1.33990E+01,9.12045E+01
4.83000E-02,5.90908E-03,1.25048E-01,1.00827E+00,1.34170E+01,9.08732E+01
4.83500E-02,5.87088E-03,1.24844E-01,1.00842E+00,1.34939E+01,9.09848E+01
4.84000E-02,5.84384E-03,1.24939E-01,1.00396E+00,1.34384E+01,9.06885E+01
4.84500E-02,5.79101E-03,1.24207E-01,1.00408E+00,1.34081E+01,9.03910E+01
4.85000E-02,5.73671E-03,1.24581E-01,1.01288E+00,1.34559E+01,9.12579E+01
4.85500E-02,5.69644E-03,1.25885E-01,1.00617E+00,1.34969E+01,9.07396E+01
4.86000E-02,5.58272E-03,1.26473E-01,1.01339E+00,1.34360E+01,9.11767E+01
4.86500E-02,5.47668E-03,1.26580E-01,1.01128E+00,1.33223E+01,9.13463E+01
4.87000E-02,5.46690E-03,1.27973E-01,1.01616E+00,1.31914E+01,9.04449E+01
4.87500E-02,5.48041E-03,1.28750E-01,1.01877E+00,1.32043E+01,8.99872E+01
4.88000E-02,5.47906E-03,1.30956E-01,1.02166E+00,1.32644E+01,9.00068E+01
4.88500E-02,5.48809E-03,1.32560E-01,1.01386E+00,1.33493E+01,9.04194E+01
4.89000E-02,5.50181E-03,1.32301E-01,1.01050E+00,1.33520E+01,9.01315E+01
4.89500E-02,5.60598E-03,1.31950E-01,1.00918E+00,1.33949E+01,9.12110E+01
4.90000E-02,5.57089E-03,1.32815E-01,1.02480E+00,1.34669E+01,9.06082E+01
4.90500E-02,5.60228E-03,1.32999E-01,1.02642E+00,1.34284E+01,9.14867E+01
4.91000E-02,5.66405E-03,1.33474E-01,1.01745E+00,1.34082E+01,9.14485E+01
4.91500E-02,5.68422E-03,1.33374E-01,1.02125E+00,1.34390E+01,9.12189E+01
4.92000E-02,5.67378E-03,1.33625E-01,1.02787E+00,1.34020E+01,9.22531E+01
4.92500E-02,5.68716E-03,1.33320E-01,1.02885E+00,1.34638E+01,9.20435E+01
4.93000E-02,5.59917E-03,1.33643E-01,1.03195E+00,1.33442E+01,9.17868E+01
4.93500E-02,5.57858E-03,1.32826E-01,1.02877E+00,1.34051E+01,9.19310E+01
4.94000E-02,5.52387E-03,1.31764E-01,1.02253E+00,1.33154E+01,9.18795E+01
4.94500E-02,5.60280E-03,1.32406E-01,1.03150E+00,1.33617E+01,9.08530E+01
4.95000E-02,5.59448E-03,1.31178E-01,1.03017E+00,1.33578E+01,9.12567E+01
4.95500E-02,5.60862E-03,1.30078E-01,1.02169E+00,1.33033E+01,9.10998E+01
4.96000E-02,5.59706E-03,1.29854E-01,1.03662E+00,1.32565E+01,8.98549E+01
4.96500E-02,5.60242E-03,1.30949E-01,1.03083E+00,1.31420E+01,8.94882E+01
4.97000E-02,5.66561E-03,1.32072E-01,1.02777E+00,1.31517E+01,8.91166E+01
4.97500E-02,5.72205E-03,1.31151E-01,1.02283E+00,1.30598E+01,8.92973E+01
4.98000E-02,5.68634E-03,1.32309E-01,1.01673E+00,1.30362E+01,8.99775E+01
4.98500E-02,5.61288E-03,1.32337E-01,1.00606E+00,1.32454E+01,8.94923E+01
4.99000E-02,5.60927E-03,1.32292E-01,1.01298E+00,1.31938E+01,8.88483E+01
4.99500E-02,5.64388E-03,1.32473E-01,1.00234E+00,1.31687E+01,8.96346E+01
