time,species_1,species_2,species_3,species_4
0.000E+00,9.221E-03,2.124E+00,1.379E+01,1.047E+02
5.00000E-02,9.28512E-03,2.10252E+00,1.40197E+01,9.98668E+01
1.00000E-01,9.28285E-03,2.11420E+00,1.43289E+01,9.87810E+01
1.50000E-01,9.15043E-03,2.07877E+00,1.47289E+01,9.98288E+01
2.00000E-01,9.02244E-03,2.02199E+00,1.48932E+01,1.00164E+02
2.50000E-01,8.98677E-03,2.01834E+00,1.47693E+01,9.99954E+01
3.00000E-01,8.88410E-03,2.02000E+00,1.48993E+01,9.95610E+01
3.50000E-01,8.94877E-03,2.07527E+00,1.49468E+01,1.00222E+02
4.00000E-01,8.86355E-03,2.04284E+00,1.50055E+01,9.85998E+01
4.50000E-01,8.80411E-03,2.00045E+00,1.48348E+01,1.00196E+02
5.00000E-01,9.20080E-03,2.03450E+00,1.47491E+01,9.95575E+01
5.50000E-01,9.18711E-03,2.03918E+00,1.45240E+01,1.01206E+02
6.00000E-01,9.09073E-03,2.04430E+00,1.51277E+01,9.90593E+01
6.50000E-01,8.81051E-03,2.06146E+00,1.53071E+01,1.01969E+02
7.00000E-01,8.66725E-03,2.08965E+00,1.55909E+01,1.02578E+02
7.50000E-01,8.77127E-03,2.04138E+00,1.56759E+01,1.02084E+02
8.00000E-01,8.33213E-03,1.96942E+00,1.49757E+01,1.00193E+02
8.50000E-01,8.24515E-03,1.98112E+00,1.49590E+01,1.00832E+02
9.00000E-01,8.25232E-03,1.93286E+00,1.52352E+01,1.00954E+02
9.50000E-01,8.07227E-03,1.92962E+00,1.52626E+01,1.00788E+02
1.00000E+00,8.08406E-03,1.92671E+00,1.51984E+01,1.00964E+02
1.05000E+00,7.89693E-03,1.97210E+00,1.56307E+01,9.98097E+01
1.10000E+00,8.08916E-03,1.96927E+00,1.55945E+01,9.99246E+01
1.15000E+00,8.46351E-03,1.98510E+00,1.58081E+01,9.89915E+01
1.20000E+00,8.39340E-03,2.02808E+00,1.57093E+01,9.92424E+01
1.25000E+00,8.34733E-03,2.03300E+00,1.50726E+01,9.96790E+01
1.30000E+00,8.09387E-03,2.09183E+00,1.52291E+01,1.00802E+02
1.35000E+00,7.99174E-03,2.12712E+00,1.49774E+01,1.01216E+02
1.40000E+00,8.07473E-03,2.17437E+00,1.51825E+01,1.00093E+02
1.45000E+00,8.06814E-03,2.13797E+00,1.50055E+01,1.00167E+02
1.50000E+00,8.23409E-03,2.08390E+00,1.52355E+01,1.00334E+02
1.55000E+00,8.32675E-03,2.12323E+00,1.50371E+01,9.92954E+01
1.60000E+00,8.74697E-03,2.09943E+00,1.48909E+01,1.01384E+02
1.65000E+00,8.87939E-03,2.05555E+00,1.50256E+01,9.96572E+01
1.70000E+00,8.73180E-03,2.07263E+00,1.50676E+01,1.00868E+02
1.75000E+00,8.67656E-03,1.99360E+00,1.46640E+01,9.97769E+01
1.80000E+00,8.22733E-03,2.02164E+00,1.50303E+01,1.01180E+02
1.85000E+00,8.27871E-03,2.06268E+00,1.51286E+01,1.01264E+02
1.90000E+00,8.58133E-03,1.99976E+00,1.50740E+01,1.00061E+02
1.95000E+00,8.55558E-03,1.97427E+00,1.50750E+01,1.00639E+02
2.00000E+00,8.73903E-03,1.97053E+00,1.52813E+01,1.01263E+02
2.05000E+00,8.68428E-03,2.02871E+00,1.51634E+01,1.00829E+02
2.10000E+00,8.49591E-03,1.96930E+00,1.49891E+01,1.01066E+02
2.15000E+00,8.51114E-03,2.01587E+00,1.48449E+01,9.86885E+01
2.20000E+00,8.55436E-03,1.95979E+00,1.48689E+01,9.89562E+01
2.25000E+00,8.49719E-03,1.92540E+00,1.46061E+01,9.97289E+01
2.30000E+00,8.45881E-03,1.85957E+00,1.48623E+01,1.01156E+02
2.35000E+00,8.29075E-03,1.88220E+00,1.51973E+01,1.00745E+02
2.40000E+00,8.55268E-03,1.93841E+00,1.46821E+01,1.00463E+02
2.45000E+00,8.80727E-03,1.92157E+00,1.45329E+01,9.92612E+01
2.50000E+00,8.66504E-03,1.91018E+00,1.49981E+01,1.00938E+02
2.55000E+00,8.72785E-03,1.92794E+00,1.53335E+01,1.00736E+02
2.60000E+00,8.83899E-03,1.81794E+00,1.48450E+01,9.88511E+01
2.65000E+00,8.75250E-03,1.85920E+00,1.51836E+01,9.92086E+01
2.70000E+00,9.08881E-03,1.91376E+00,1.47791E+01,9.99601E+01
2.75000E+00,9.00000E-03,1.87158E+00,1.49587E+01,9.98307E+01
2.80000E+00,8.97064E-03,1.93684E+00,1.44531E+01,1.01056E+02
2.85000E+00,9.10208E-03,1.96756E+00,1.47025E+01,9.88028E+01
2.90000E+00,9.25429E-03,1.95823E+00,1.48294E+01,9.68998E+01
2.95000E+00,9.44352E-03,1.96613E+00,1.46401E+01,1.00746E+02
3.00000E+00,9.82153E-03,1.98250E+00,1.47716E+01,9.97473E+01
3.05000E+00,9.88814E-03,1.99694E+00,1.50560E+01,9.89498E+01
3.10000E+00,1.00684E-02,2.01141E+00,1.51503E+01,9.81438E+01
3.15000E+00,1.00278E-02,2.00923E+00,1.52442E+01,1.00438E+02
3.20000E+00,1.00513E-02,2.06147E+00,1.50407E+01,1.00109E+02
3.25000E+00,1.00478E-02,2.02702E+00,1.48885E+01,1.01074E+02
3.30000E+00,9.97179E-03,2.07238E+00,1.51306E+01,1.00563E+02
3.35000E+00,9.96917E-03,2.08229E+00,1.51369E+01,1.00971E+02
3.40000E+00,1.00707E-02,2.11467E+00,1.48358E+01,1.00934E+02
3.45000E+00,1.07455E-02,2.10044E+00,1.47272E+01,9.92904E+01
3.50000E+00,1.08661E-02,2.05014E+00,1.48120E+01,1.00925E+02
3.55000E+00,1.07695E-02,2.09481E+00,1.45008E+01,9.97647E+01
3.60000E+00,1.06901E-02,2.06056E+00,1.50862E+01,1.00266E+02
3.65000E+00,1.06843E-02,2.02519E+00,1.52494E+01,9.97149E+01
3.70000E+00,1.07633E-02,2.01142E+00,1.46604E+01,9.79584E+01
3.75000E+00,1.06276E-02,2.00404E+00,1.44442E+01,1.01127E+02
3.80000E+00,1.04716E-02,1.95019E+00,1.50686E+01,9.94525E+01
3.85000E+00,1.00383E-02,1.94783E+00,1.50799E+01,9.99990E+01
3.90000E+00,1.00461E-02,2.03026E+00,1.53565E+01,1.01097E+02
3.95000E+00,9.81621E-03,2.09462E+00,1.51619E+01,1.00797E+02
4.00000E+00,9.38322E-03,2.05120E+00,1.53934E+01,9.98517E+01
4.05000E+00,9.08231E-03,2.00624E+00,1.49930E+01,9.97077E+01
4.10000E+00,9.07101E-03,1.94447E+00,1.51717E+01,9.81320E+01
4.15000E+00,9.29211E-03,1.93554E+00,1.53771E+01,1.00453E+02
4.20000E+00,9.16004E-03,1.95719E+00,1.49574E+01,9.93325E+01
4.25000E+00,9.13823E-03,1.93189E+00,1.51861E+01,9.94306E+01
4.30000E+00,9.13052E-03,1.96202E+00,1.47831E+01,1.00657E+02
4.35000E+00,8.93984E-03,1.93816E+00,1.48424E+01,1.01339E+02
4.40000E+00,8.99835E-03,1.91293E+00,1.49722E+01,9.93734E+01
4.45000E+00,9.02684E-03,1.91908E+00,1.49485E+01,1.00017E+02
4.50000E+00,9.40564E-03,1.96623E+00,1.47312E+01,9.96017E+01
4.55000E+00,9.59514E-03,1.94982E+00,1.45263E+01,1.01160E+02
4.60000E+00,9.27629E-03,2.00047E+00,1.47633E+01,9.97206E+01
4.65000E+00,9.51324E-03,1.99424E+00,1.52766E+01,1.00192E+02
4.70000E+00,9.44955E-03,2.02959E+00,1.52239E+01,1.00700E+02
4.75000E+00,9.85566E-03,2.05428E+00,1.53920E+01,9.79780E+01
4.80000E+00,9.98811E-03,1.99989E+00,1.50995E+01,9.92240E+01
4.85000E+00,9.98208E-03,1.97211E+00,1.48485E+01,1.00351E+02
4.90000E+00,1.00323E-02,1.97145E+00,1.51048E+01,9.99131E+01
4.95000E+00,9.83271E-03,2.03929E+00,1.50341E+01,1.02399E+02
5.00000E+00,9.90836E-03,2.03241E+00,1.50726E+01,1.00293E+02
5.05000E+00,9.98916E-03,2.03851E+00,1.50892E+01,1.01081E+02
5.10000E+00,1.00502E-02,2.08707E+00,1.53397E+01,9.73366E+01
5.15000E+00,1.01449E-02,2.04452E+00,1.48947E+01,9.98637E+01
5.20000E+00,1.03128E-02,2.10441E+00,1.47485E+01,9.96090E+01
5.25000E+00,1.00590E-02,2.04786E+00,1.48535E+01,1.01951E+02
5.30000E+00,1.01550E-02,2.12699E+00,1.52528E+01,1.01118E+02
5.35000E+00,1.01409E-02,2.09144E+00,1.48291E+01,9.82628E+01
5.40000E+00,1.01059E-02,2.12274E+00,1.49977E+01,9.86760E+01
5.45000E+00,1.03071E-02,2.12465E+00,1.54127E+01,1.02099E+02
5.50000E+00,1.01225E-02,2.11855E+00,1.52193E+01,1.00968E+02
5.55000E+00,1.01625E-02,2.06797E+00,1.53020E+01,1.00711E+02
5.60000E+00,1.01763E-02,2.03327E+00,1.49661E+01,1.00751E+02
5.65000E+00,9.96752E-03,2.02005E+00,1.48087E+01,1.00027E+02
5.70000E+00,9.52938E-03,2.05018E+00,1.44040E+01,1.01866E+02
5.75000E+00,9.41093E-03,2.04655E+00,1.47647E+01,9.93491E+01
5.80000E+00,9.23678E-03,2.03099E+00,1.50257E+01,1.00399E+02
5.85000E+00,8.87891E-03,2.06168E+00,1.49403E+01,1.00596E+02
5.90000E+00,9.19659E-03,2.03075E+00,1.50564E+01,9.95247E+01
5.95000E+00,9.26102E-03,2.09978E+00,1.51565E+01,1.00281E+02
6.00000E+00,9.11083E-03,2.00224E+00,1.52046E+01,9.88749E+01
6.05000E+00,8.90284E-03,2.03022E+00,1.55582E+01,1.00740E+02
6.10000E+00,8.94463E-03,2.04696E+00,1.54618E+01,1.00792E+02
6.15000E+00,9.17913E-03,2.08427E+00,1.51694E+01,9.89368E+01
6.20000E+00,9.05674E-03,2.11872E+00,1.54024E+01,1.01046E+02
6.25000E+00,9.03138E-03,2.11448E+00,1.53778E+01,1.01127E+02
6.30000E+00,9.12932E-03,2.16693E+00,1.49778E+01,9.89822E+01
6.35000E+00,8.97819E-03,2.10450E+00,1.46900E+01,9.94737E+01
6.40000E+00,9.37453E-03,2.08708E+00,1.44465E+01,9.94032E+01
6.45000E+00,9.13175E-03,2.10103E+00,1.43134E+01,9.83674E+01
6.50000E+00,8.87853E-03,2.09962E+00,1.46906E+01,1.00152E+02
6.55000E+00,8.68674E-03,2.07231E+00,1.47387E+01,9.97829E+01
6.60000E+00,9.09681E-03,2.07955E+00,1.47066E+01,9.90249E+01
6.65000E+00,9.13283E-03,2.13391E+00,1.50076E+01,9.94371E+01
6.70000E+00,9.24585E-03,2.15432E+00,1.51342E+01,9.92887E+01
6.75000E+00,9.05671E-03,2.01217E+00,1.49334E+01,1.00853E+02
6.80000E+00,9.03791E-03,2.02016E+00,1.50073E+01,1.00645E+02
6.85000E+00,8.67268E-03,2.12776E+00,1.47842E+01,1.01510E+02
6.90000E+00,8.29593E-03,2.07734E+00,1.45665E+01,1.00021E+02
6.95000E+00,7.93301E-03,2.08303E+00,1.51352E+01,9.93935E+01
7.00000E+00,7.90454E-03,2.14814E+00,1.50828E+01,9.85454E+01
7.05000E+00,7.41523E-03,2.10469E+00,1.51342E+01,9.99936E+01
7.10000E+00,7.41500E-03,2.04849E+00,1.50926E+01,1.01621E+02
7.15000E+00,7.32002E-03,2.03604E+00,1.54306E+01,9.70371E+01
7.20000E+00,7.09967E-03,2.07192E+00,1.49209E+01,9.91055E+01
7.25000E+00,6.97709E-03,2.02120E+00,1.53444E+01,1.00683E+02
7.30000E+00,6.70994E-03,1.97478E+00,1.51338E+01,9.96961E+01
7.35000E+00,6.73065E-03,1.92464E+00,1.51764E+01,9.94985E+01
7.40000E+00,6.86810E-03,1.94355E+00,1.54454E+01,9.88968E+01
7.45000E+00,6.93458E-03,1.96582E+00,1.48216E+01,9.76436E+01
7.50000E+00,7.26087E-03,1.88712E+00,1.49267E+01,1.02010E+02
7.55000E+00,7.11554E-03,1.91110E+00,1.49054E+01,9.80629E+01
7.60000E+00,7.26815E-03,1.92068E+00,1.55373E+01,1.00470E+02
7.65000E+00,7.31211E-03,1.82281E+00,1.52344E+01,1.00713E+02
7.70000E+00,7.26497E-03,1.82422E+00,1.51021E+01,9.98937E+01
7.75000E+00,7.26001E-03,1.81794E+00,1.49145E+01,9.82312E+01
7.80000E+00,7.27886E-03,1.82503E+00,1.50937E+01,9.84964E+01
7.85000E+00,7.12832E-03,1.86097E+00,1.50396E+01,1.00834E+02
7.90000E+00,7.20030E-03,1.90128E+00,1.51855E+01,1.01188E+02
7.95000E+00,7.64617E-03,1.94084E+00,1.50194E+01,9.93491E+01
8.00000E+00,8.13451E-03,1.94598E+00,1.52889E+01,1.00028E+02
8.05000E+00,8.10502E-03,1.89209E+00,1.50413E+01,9.90364E+01
8.10000E+00,8.15490E-03,1.91146E+00,1.49903E+01,9.91204E+01
8.15000E+00,8.14362E-03,1.89243E+00,1.48751E+01,9.85519E+01
8.20000E+00,7.94167E-03,1.91733E+00,1.47074E+01,9.91152E+01
8.25000E+00,7.84671E-03,1.99276E+00,1.47511E+01,1.01420E+02
8.30000E+00,8.09835E-03,1.97108E+00,1.50893E+01,9.99709E+01
8.35000E+00,8.29410E-03,1.99917E+00,1.51859E+01,9.99814E+01
8.40000E+00,8.53404E-03,2.05012E+00,1.50283E+01,1.00226E+02
8.45000E+00,8.74910E-03,1.97448E+00,1.50576E+01,9.99249E+01
8.50000E+00,8.81069E-03,1.95796E+00,1.50989E+01,1.00539E+02
8.55000E+00,8.83134E-03,1.93468E+00,1.53681E+01,1.00624E+02
8.60000E+00,9.06762E-03,1.96496E+00,1.51763E+01,1.00624E+02
8.65000E+00,8.96344E-03,1.90207E+00,1.53705E+01,1.00967E+02
8.70000E+00,9.12636E-03,1.91083E+00,1.51745E+01,1.01384E+02
8.75000E+00,9.05652E-03,1.93916E+00,1.47714E+01,9.94636E+01
8.80000E+00,8.87031E-03,1.92295E+00,1.51261E+01,9.91970E+01
8.85000E+00,8.88467E-03,1.84297E+00,1.51292E+01,9.98411E+01
8.90000E+00,8.56918E-03,1.85205E+00,1.48516E+01,1.00705E+02
8.95000E+00,8.65092E-03,1.88868E+00,1.47114E+01,9.84625E+01
9.00000E+00,9.00535E-03,1.92539E+00,1.48235E+01,1.01624E+02
9.05000E+00,9.30678E-03,1.88557E+00,1.47198E+01,1.00981E+02
9.10000E+00,9.47455E-03,2.01524E+00,1.51016E+01,9.89837E+01
9.15000E+00,9.65280E-03,2.00178E+00,1.47044E+01,9.90279E+01
9.20000E+00,9.69120E-03,1.98340E+00,1.47576E+01,1.02138E+02
9.25000E+00,9.83303E-03,1.96487E+00,1.49415E+01,1.00409E+02
9.30000E+00,9.44110E-03,1.99720E+00,1.46404E+01,1.01117E+02
9.35000E+00,9.32055E-03,2.06796E+00,1.49000E+01,1.00205E+02
9.40000E+00,9.03058E-03,2.03815E+00,1.48034E+01,1.00758E+02
9.45000E+00,8.79956E-03,2.01109E+00,1.50777E+01,9.98622E+01
9.50000E+00,8.85209E-03,2.05285E+00,1.46179E+01,1.00623E+02
9.55000E+00,8.95677E-03,2.12771E+00,1.47029E+01,9.95986E+01
9.60000E+00,8.96161E-03,2.07540E+00,1.46502E+01,1.00289E+02
9.65000E+00,8.96104E-03,2.03272E+00,1.46470E+01,1.00382E+02
9.70000E+00,8.98133E-03,2.00067E+00,1.48730E+01,9.81321E+01
9.75000E+00,8.60881E-03,1.97954E+00,1.47216E+01,1.00901E+02
9.80000E+00,8.56119E-03,1.96411E+00,1.47797E+01,9.92314E+01
9.85000E+00,8.32489E-03,1.99605E+00,1.50114E+01,1.00053E+02
9.90000E+00,8.41766E-03,2.00567E+00,1.51453E+01,9.90463E+01
9.95000E+00,8.49561E-03,2.07623E+00,1.52030E+01,9.87211E+01
1.00000E+01,8.05885E-03,2.08873E+00,1.50437E+01,1.00763E+02
1.00500E+01,8.02280E-03,2.06354E+00,1.49781E+01,9.91165E+01
1.01000E+01,8.13958E-03,2.02333E+00,1.52981E+01,1.00244E+02
1.01500E+01,7.91815E-03,2.00202E+00,1.57924E+01,9.93175E+01
1.02000E+01,7.91392E-03,2.01055E+00,1.56146E+01,9.96296E+01
1.02500E+01,7.72034E-03,2.09356E+00,1.57675E+01,1.01519E+02
1.03000E+01,7.85060E-03,2.06390E+00,1.53616E+01,9.85493E+01
1.03500E+01,7.74535E-03,2.06928E+00,1.55201E+01,1.00607E+02
1.04000E+01,7.77748E-03,2.04641E+00,1.52794E+01,9.96819E+01
1.04500E+01,7.87502E-03,2.07045E+00,1.45729E+01,1.00768E+02
1.05000E+01,7.98815E-03,2.08123E+00,1.52611E+01,1.00526E+02
1.05500E+01,7.65375E-03,2.03582E+00,1.50763E+01,1.00135E+02
1.06000E+01,7.55333E-03,2.14075E+00,1.51261E+01,1.00103E+02
1.06500E+01,7.59328E-03,2.12760E+00,1.50968E+01,9.95420E+01
1.07000E+01,7.69574E-03,2.12145E+00,1.52335E+01,1.00645E+02
1.07500E+01,7.79778E-03,2.11520E+00,1.51171E+01,9.93748E+01
1.08000E+01,7.78751E-03,2.04369E+00,1.52352E+01,1.01134E+02
1.08500E+01,7.90787E-03,2.03860E+00,1.48042E+01,9.91405E+01
1.09000E+01,7.87017E-03,2.06925E+00,1.51727E+01,1.00690E+02
1.09500E+01,7.83136E-03,2.06516E+00,1.54583E+01,9.86997E+01
1.10000E+01,7.70099E-03,2.00062E+00,1.52852E+01,1.00304E+02
1.10500E+01,7.91057E-03,1.96489E+00,1.53029E+01,9.96893E+01
1.11000E+01,7.92129E-03,2.04894E+00,1.52521E+01,9.93221E+01
1.11500E+01,7.87626E-03,2.06938E+00,1.46311E+01,9.98829E+01
1.12000E+01,8.17084E-03,2.09496E+00,1.46509E+01,1.00734E+02
1.12500E+01,7.80382E-03,2.07697E+00,1.50460E+01,9.93358E+01
1.13000E+01,7.95899E-03,2.09023E+00,1.50325E+01,1.00792E+02
1.13500E+01,8.11688E-03,2.00062E+00,1.54152E+01,9.98098E+01
1.14000E+01,8.42434E-03,2.07048E+00,1.50416E+01,9.74660E+01
1.14500E+01,8.52228E-03,2.03149E+00,1.47870E+01,9.81477E+01
1.15000E+01,8.35502E-03,2.00971E+00,1.49505E+01,9.94258E+01
1.15500E+01,8.43927E-03,2.05949E+00,1.46795E+01,9.90269E+01
1.16000E+01,8.60089E-03,2.04087E+00,1.46263E+01,1.00225E+02
1.16500E+01,8.69747E-03,1.94227E+00,1.48823E+01,1.01292E+02
1.17000E+01,8.60798E-03,1.91792E+00,1.52636E+01,9.91463E+01
1.17500E+01,8.47213E-03,1.91596E+00,1.49947E+01,9.92527E+01
1.18000E+01,8.36666E-03,1.94418E+00,1.49808E+01,1.00967E+02
1.18500E+01,8.48441E-03,1.90106E+00,1.51367E+01,9.91665E+01
1.19000E+01,8.22836E-03,1.87554E+00,1.48415E+01,1.00939E+02
1.19500E+01,8.33803E-03,1.85329E+00,1.55376E+01,1.00689E+02
1.20000E+01,8.47485E-03,1.80975E+00,1.49297E+01,1.00584E+02
1.20500E+01,8.44878E-03,1.83593E+00,1.49949E+01,1.00335E+02
1.21000E+01,8.41095E-03,1.88563E+00,1.49698E+01,1.00134E+02
1.21500E+01,8.38794E-03,1.90141E+00,1.50139E+01,9.88567E+01
1.22000E+01,8.57789E-03,1.94542E+00,1.50033E+01,1.00497E+02
1.22500E+01,8.77235E-03,1.93739E+00,1.46772E+01,9.81784E+01
1.23000E+01,9.15515E-03,1.92074E+00,1.50944E+01,9.65082E+01
1.23500E+01,9.04086E-03,1.86980E+00,1.48227E+01,9.95034E+01
1.24000E+01,9.39725E-03,1.90145E+00,1.51817E+01,9.93866E+01
1.24500E+01,9.48702E-03,1.94126E+00,1.50491E+01,1.01140E+02
1.25000E+01,9.87181E-03,1.99877E+00,1.49152E+01,1.00546E+02
1.25500E+01,9.53307E-03,2.00998E+00,1.45402E+01,9.97174E+01
1.26000E+01,9.39469E-03,2.02994E+00,1.50847E+01,9.87694E+01
1.26500E+01,9.65132E-03,2.04925E+00,1.50124E+01,1.00301E+02
1.27000E+01,9.37974E-03,2.05563E+00,1.53624E+01,1.00049E+02
1.27500E+01,9.04014E-03,2.04423E+00,1.51428E+01,9.89547E+01
1.28000E+01,9.37610E-03,2.04331E+00,1.53857E+01,1.00562E+02
1.28500E+01,9.34045E-03,1.99868E+00,1.55479E+01,1.01176E+02
1.29000E+01,9.22152E-03,1.95748E+00,1.53270E+01,9.99443E+01
1.29500E+01,8.69276E-03,1.93777E+00,1.52807E+01,1.00122E+02
1.30000E+01,8.68187E-03,1.92864E+00,1.52448E+01,1.00448E+02
1.30500E+01,8.44390E-03,1.94984E+00,1.52296E+01,9.89698E+01
1.31000E+01,8.22780E-03,1.92472E+00,1.46501E+01,9.88734E+01
1.31500E+01,8.31347E-03,1.95731E+00,1.49110E+01,9.91040E+01
1.32000E+01,8.34426E-03,1.95844E+00,1.48806E+01,9.89013E+01
1.32500E+01,8.40461E-03,2.02355E+00,1.47314E+01,1.00183E+02
1.33000E+01,8.72327E-03,1.99596E+00,1.49165E+01,9.87550E+01
1.33500E+01,8.85134E-03,1.98495E+00,1.50025E+01,1.01163E+02
1.34000E+01,8.71984E-03,1.98188E+00,1.44781E+01,9.95716E+01
1.34500E+01,8.62785E-03,2.02349E+00,1.46684E+01,9.93589E+01
1.35000E+01,8.82597E-03,2.08085E+00,1.50993E+01,1.00719E+02
1.35500E+01,8.83450E-03,2.05322E+00,1.50497E+01,1.00298E+02
1.36000E+01,8.63490E-03,2.05325E+00,1.51401E+01,9.94026E+01
1.36500E+01,8.36209E-03,2.04869E+00,1.52290E+01,9.91179E+01
1.37000E+01,8.36730E-03,2.00052E+00,1.45052E+01,1.00974E+02
1.37500E+01,8.50595E-03,2.05492E+00,1.48528E+01,1.00227E+02
1.38000E+01,8.70506E-03,2.06470E+00,1.48642E+01,9.92251E+01
1.38500E+01,9.04863E-03,2.07651E+00,1.49720E+01,1.00366E+02
1.39000E+01,8.91628E-03,2.08061E+00,1.49310E+01,1.00776E+02
1.39500E+01,8.89473E-03,2.13558E+00,1.50740E+01,1.01811E+02
1.40000E+01,8.91322E-03,2.06204E+00,1.51426E+01,9.96642E+01
1.40500E+01,8.77550E-03,2.14608E+00,1.49740E+01,9.98395E+01
1.41000E+01,8.82399E-03,2.12558E+00,1.53591E+01,1.00794E+02
1.41500E+01,9.01868E-03,2.03256E+00,1.50901E+01,1.02236E+02
1.42000E+01,8.58471E-03,2.06722E+00,1.45968E+01,9.96508E+01
1.42500E+01,8.88619E-03,2.07413E+00,1.44819E+01,9.99490E+01
1.43000E+01,8.78380E-03,2.02738E+00,1.46965E+01,9.93945E+01
1.43500E+01,8.99693E-03,2.07074E+00,1.48944E+01,1.00642E+02
1.44000E+01,9.12659E-03,2.05246E+00,1.51242E+01,9.85627E+01
1.44500E+01,8.81977E-03,2.04683E+00,1.53678E+01,1.00174E+02
1.45000E+01,8.50283E-03,2.06960E+00,1.49319E+01,9.92381E+01
1.45500E+01,8.25950E-03,2.07537E+00,1.54106E+01,9.98616E+01
1.46000E+01,8.47514E-03,2.14981E+00,1.48012E+01,1.00020E+02
1.46500E+01,8.23705E-03,2.08321E+00,1.49285E+01,9.89459E+01
1.47000E+01,8.15531E-03,2.12708E+00,1.52907E+01,1.00537E+02
1.47500E+01,7.86405E-03,2.11036E+00,1.52502E+01,1.00477E+02
1.48000E+01,7.93822E-03,2.08051E+00,1.52651E+01,9.85299E+01
1.48500E+01,7.80400E-03,2.15610E+00,1.48294E+01,9.91859E+01
1.49000E+01,7.68667E-03,2.16568E+00,1.52190E+01,9.96673E+01
1.49500E+01,7.62370E-03,2.19347E+00,1.54475E+01,1.00999E+02
1.50000E+01,7.61887E-03,2.16115E+00,1.51164E+01,1.00531E+02
1.50500E+01,7.71472E-03,2.22154E+00,1.54662E+01,9.89651E+01
1.51000E+01,7.62026E-03,2.17009E+00,1.54017E+01,9.99397E+01
1.51500E+01,7.37579E-03,2.14608E+00,1.49553E+01,9.88217E+01
1.52000E+01,7.36529E-03,2.14218E+00,1.53029E+01,9.90915E+01
1.52500E+01,7.38804E-03,2.15383E+00,1.52793E+01,1.00918E+02
1.53000E+01,7.40888E-03,2.17721E+00,1.52036E+01,1.00892E+02
1.53500E+01,7.54213E-03,2.12433E+00,1.47972E+01,9.92828E+01
1.54000E+01,7.40095E-03,2.15605E+00,1.55748E+01,9.92059E+01
1.54500E+01,7.29995E-03,2.15290E+00,1.54193E+01,1.00514E+02
1.55000E+01,7.50366E-03,2.17598E+00,1.52085E+01,1.01082E+02
1.55500E+01,7.36606E-03,2.18557E+00,1.54352E+01,9.92460E+01
1.56000E+01,7.30560E-03,2.16157E+00,1.53341E+01,1.01816E+02
1.56500E+01,7.30111E-03,2.13198E+00,1.50253E+01,1.02630E+02
1.57000E+01,6.98392E-03,2.08247E+00,1.47616E+01,9.99067E+01
1.57500E+01,6.78392E-03,2.00918E+00,1.47982E+01,1.00060E+02
1.58000E+01,6.69929E-03,2.00990E+00,1.51172E+01,1.00236E+02
1.58500E+01,6.65373E-03,2.01263E+00,1.46755E+01,9.92095E+01
1.59000E+01,6.45727E-03,2.01550E+00,1.47078E+01,1.00832E+02
1.59500E+01,6.54363E-03,1.95099E+00,1.42367E+01,1.00345E+02
1.60000E+01,6.52401E-03,1.85869E+00,1.43200E+01,1.00469E+02
1.60500E+01,6.60850E-03,1.84640E+00,1.47322E+01,9.91903E+01
1.61000E+01,6.57688E-03,1.79924E+00,1.47423E+01,1.00738E+02
1.61500E+01,6.61259E-03,1.83520E+00,1.50459E+01,9.97034E+01
1.62000E+01,6.59244E-03,1.82693E+00,1.50419E+01,1.00506E+02
1.62500E+01,6.55921E-03,1.81683E+00,1.53922E+01,1.00925E+02
1.63000E+01,6.67154E-03,1.90057E+00,1.53004E+01,9.93920E+01
1.63500E+01,6.68655E-03,1.88905E+00,1.47772E+01,9.89666E+01
1.64000E+01,6.78136E-03,1.83403E+00,1.49705E+01,1.00519E+02
1.64500E+01,6.77238E-03,1.84505E+00,1.48210E+01,1.00368E+02
1.65000E+01,6.76313E-03,1.86922E+00,1.47834E+01,1.01187E+02
1.65500E+01,6.84461E-03,1.89687E+00,1.49752E+01,9.85290E+01
1.66000E+01,6.59671E-03,1.96348E+00,1.49842E+01,1.00886E+02
1.66500E+01,6.61231E-03,1.93409E+00,1.54613E+01,9.89627E+01
1.67000E+01,6.72553E-03,1.89895E+00,1.52744E+01,9.97974E+01
1.67500E+01,6.81035E-03,1.94473E+00,1.53680E+01,1.00727E+02
1.68000E+01,7.13702E-03,1.93552E+00,1.55323E+01,1.00917E+02
1.68500E+01,7.32890E-03,1.90745E+00,1.53241E+01,9.78458E+01
1.69000E+01,7.64469E-03,1.97328E+00,1.51292E+01,1.02482E+02
1.69500E+01,7.47724E-03,1.97001E+00,1.48035E+01,1.00729E+02
1.70000E+01,7.49725E-03,1.94794E+00,1.51743E+01,1.01729E+02
1.70500E+01,7.48662E-03,1.92025E+00,1.51762E+01,1.00386E+02
1.71000E+01,7.46665E-03,1.91298E+00,1.50438E+01,9.99682E+01
1.71500E+01,7.45432E-03,1.95103E+00,1.46191E+01,1.02390E+02
1.72000E+01,7.31618E-03,1.98237E+00,1.45022E+01,9.97569E+01
1.72500E+01,7.22231E-03,2.03554E+00,1.46566E+01,1.00460E+02
1.73000E+01,7.48661E-03,2.04155E+00,1.49735E+01,9.98725E+01
1.73500E+01,7.38061E-03,2.03818E+00,1.49893E+01,9.99127E+01
1.74000E+01,7.43937E-03,2.00743E+00,1.49940E+01,1.00706E+02
1.74500E+01,7.66849E-03,2.01337E+00,1.53591E+01,1.00072E+02
1.75000E+01,7.57053E-03,1.95556E+00,1.54605E+01,1.01301E+02
1.75500E+01,7.63327E-03,1.87329E+00,1.51227E+01,9.92812E+01
1.76000E+01,7.69739E-03,1.88420E+00,1.49589E+01,1.00158E+02
1.76500E+01,7.66653E-03,1.92618E+00,1.50111E+01,9.93875E+01
1.77000E+01,7.58524E-03,1.87256E+00,1.52398E+01,1.01148E+02
1.77500E+01,7.35306E-03,1.88666E+00,1.53719E+01,1.00436E+02
1.78000E+01,7.22950E-03,1.92723E+00,1.47994E+01,9.99536E+01
1.78500E+01,7.08224E-03,1.95897E+00,1.46952E+01,9.99677E+01
1.79000E+01,7.12461E-03,1.90570E+00,1.46988E+01,1.01434E+02
1.79500E+01,7.15268E-03,1.98507E+00,1.48193E+01,1.00806E+02
1.80000E+01,6.98572E-03,1.99717E+00,1.54593E+01,9.85798E+01
1.80500E+01,7.35088E-03,1.94418E+00,1.54007E+01,9.88086E+01
1.81000E+01,7.32165E-03,2.00343E+00,1.52288E+01,1.00314E+02
1.81500E+01,7.31079E-03,1.98134E+00,1.54932E+01,1.00724E+02
1.82000E+01,7.49495E-03,2.01598E+00,1.60388E+01,1.00820E+02
1.82500E+01,7.39990E-03,2.02448E+00,1.56339E+01,9.98711E+01
1.83000E+01,7.32992E-03,2.05092E+00,1.53552E+01,1.01023E+02
1.83500E+01,7.50578E-03,2.11730E+00,1.53230E+01,9.94767E+01
1.84000E+01,7.56548E-03,2.16189E+00,1.48045E+01,1.01739E+02
1.84500E+01,7.54561E-03,2.08855E+00,1.49631E+01,9.87358E+01
1.85000E+01,7.58673E-03,2.12547E+00,1.52264E+01,1.00682E+02
1.85500E+01,7.64466E-03,2.10405E+00,1.50945E+01,9.94302E+01
1.86000E+01,7.59602E-03,2.09707E+00,1.47271E+01,9.95946E+01
1.86500E+01,7.45911E-03,2.13273E+00,1.45280E+01,9.87351E+01
1.87000E+01,7.44761E-03,2.08273E+00,1.47659E+01,1.00713E+02
1.87500E+01,7.57160E-03,2.06314E+00,1.55021E+01,1.00221E+02
1.88000E+01,7.53326E-03,2.06936E+00,1.51916E+01,1.00286E+02
1.88500E+01,7.33748E-03,2.08560E+00,1.52254E+01,1.00012E+02
1.89000E+01,7.24680E-03,2.10730E+00,1.52096E+01,9.92039E+01
1.89500E+01,7.38449E-03,2.03572E+00,1.49769E+01,1.00219E+02
1.90000E+01,7.24514E-03,1.96288E+00,1.48902E+01,1.00379E+02
1.90500E+01,7.13005E-03,2.02802E+00,1.54807E+01,9.92531E+01
1.91000E+01,6.99713E-03,2.01702E+00,1.47474E+01,9.94015E+01
1.91500E+01,7.30657E-03,2.02642E+00,1.47407E+01,9.93940E+01
1.92000E+01,7.31897E-03,2.04332E+00,1.56511E+01,9.90010E+01
1.92500E+01,7.29687E-03,2.01960E+00,1.56795E+01,9.91524E+01
1.93000E+01,7.55818E-03,2.01166E+00,1.54237E+01,1.00005E+02
1.93500E+01,7.39468E-03,1.97427E+00,1.54665E+01,9.92725E+01
1.94000E+01,7.47333E-03,2.00409E+00,1.52553E+01,9.89663E+01
1.94500E+01,7.47851E-03,1.92791E+00,1.47789E+01,9.93157E+01
1.95000E+01,7.38513E-03,1.94113E+00,1.49964E+01,1.00805E+02
1.95500E+01,7.52865E-03,1.96157E+00,1.51924E+01,9.98250E+01
1.96000E+01,7.45224E-03,1.96512E+00,1.49495E+01,9.94953E+01
1.96500E+01,7.31730E-03,1.96935E+00,1.49238E+01,9.92792E+01
1.97000E+01,7.25811E-03,1.89429E+00,1.47159E+01,1.00459E+02
1.97500E+01,7.15305E-03,1.89672E+00,1.51913E+01,1.00430E+02
1.98000E+01,7.09867E-03,1.89293E+00,1.52482E+01,9.92852E+01
1.98500E+01,7.29295E-03,1.85119E+00,1.49402E+01,1.00058E+02
1.99000E+01,7.42270E-03,1.80432E+00,1.52725E+01,1.01502E+02
1.99500E+01,7.48014E-03,1.77886E+00,1.52530E+01,1.00049E+02
2.00000E+01,7.62462E-03,1.89226E+00,1.49979E+01,9.93356E+01
2.00500E+01,7.45442E-03,1.91003E+00,1.54290E+01,9.98591E+01
2.01000E+01,7.64559E-03,1.89365E+00,1.50147E+01,9.96190E+01
2.01500E+01,7.69433E-03,1.93372E+00,1.49154E+01,1.00178E+02
2.02000E+01,7.62863E-03,1.90775E+00,1.45682E+01,9.79988E+01
2.02500E+01,7.31829E-03,1.91895E+00,1.49148E+01,9.96516E+01
2.03000E+01,7.20235E-03,1.89776E+00,1.49352E+01,1.00352E+02
2.03500E+01,7.14215E-03,1.87767E+00,1.47948E+01,9.96768E+01
2.04000E+01,6.96215E-03,1.87496E+00,1.50948E+01,1.01592E+02
2.04500E+01,6.73960E-03,1.89286E+00,1.50146E+01,9.98876E+01
2.05000E+01,6.73134E-03,1.99384E+00,1.48365E+01,9.94465E+01
2.05500E+01,6.63368E-03,1.93913E+00,1.49334E+01,9.79855E+01
2.06000E+01,6.81725E-03,2.04654E+00,1.49825E+01,9.93941E+01
2.06500E+01,6.81695E-03,2.02139E+00,1.52426E+01,1.00150E+02
2.07000E+01,7.08163E-03,2.05504E+00,1.51175E+01,9.96572E+01
2.07500E+01,7.14646E-03,2.07869E+00,1.45969E+01,1.00776E+02
2.08000E+01,6.76306E-03,2.11623E+00,1.47587E+01,9.96733E+01
2.08500E+01,6.87846E-03,2.05705E+00,1.51287E+01,9.98109E+01
2.09000E+01,6.72635E-03,2.06407E+00,1.43168E+01,9.98832E+01
2.09500E+01,6.84498E-03,2.02028E+00,1.48070E+01,9.90512E+01
2.10000E+01,7.04491E-03,2.00471E+00,1.53471E+01,9.82945E+01
2.10500E+01,6.82604E-03,2.06962E+00,1.53598E+01,1.00072E+02
2.11000E+01,6.89645E-03,2.03488E+00,1.54684E+01,1.00045E+02
2.11500E+01,6.98286E-03,2.03326E+00,1.52877E+01,1.01254E+02
2.12000E+01,6.88848E-03,2.10155E+00,1.54719E+01,9.98326E+01
2.12500E+01,6.86074E-03,2.05881E+00,1.49147E+01,1.00329E+02
2.13000E+01,6.83073E-03,2.05072E+00,1.47324E+01,1.01331E+02
2.13500E+01,7.10625E-03,2.06982E+00,1.46006E+01,1.01696E+02
2.14000E+01,7.30627E-03,2.02294E+00,1.52409E+01,1.00413E+02
2.14500E+01,7.24147E-03,2.01191E+00,1.52236E+01,9.88067E+01
2.15000E+01,7.25225E-03,1.99068E+00,1.50755E+01,9.97789E+01
2.15500E+01,7.62610E-03,1.92879E+00,1.47449E+01,1.00278E+02
2.16000E+01,7.77216E-03,1.94617E+00,1.49437E+01,9.89806E+01
2.16500E+01,7.77152E-03,1.86414E+00,1.49102E+01,1.02163E+02
2.17000E+01,7.62636E-03,1.86831E+00,1.48455E+01,1.00749E+02
2.17500E+01,7.82418E-03,1.83699E+00,1.50761E+01,1.00156E+02
2.18000E+01,7.90626E-03,1.88952E+00,1.50447E+01,1.01039E+02
2.18500E+01,8.09395E-03,1.91779E+00,1.47547E+01,1.01260E+02
2.19000E+01,7.80842E-03,1.92384E+00,1.49542E+01,9.91547E+01
2.19500E+01,7.99798E-03,1.97187E+00,1.53701E+01,1.01722E+02
2.20000E+01,7.83654E-03,2.02897E+00,1.50062E+01,9.86125E+01
2.20500E+01,7.85760E-03,2.03795E+00,1.45840E+01,9.82167E+01
2.21000E+01,7.96114E-03,2.01257E+00,1.50601E+01,9.91390E+01
2.21500E+01,7.89189E-03,2.04095E+00,1.53498E+01,1.00083E+02
2.22000E+01,7.72768E-03,2.06251E+00,1.50846E+01,9.91408E+01
2.22500E+01,7.85223E-03,2.04817E+00,1.49076E+01,1.01431E+02
2.23000E+01,8.00581E-03,2.00900E+00,1.53188E+01,9.83549E+01
2.23500E+01,7.93944E-03,2.01046E+00,1.50781E+01,1.00289E+02
2.24000E+01,7.97016E-03,1.96892E+00,1.51254E+01,1.00115E+02
2.24500E+01,8.13037E-03,1.95250E+00,1.51332E+01,1.01427E+02
2.25000E+01,8.21356E-03,1.95987E+00,1.53997E+01,1.00084E+02
2.25500E+01,7.87142E-03,1.95152E+00,1.54507E+01,1.01390E+02
2.26000E+01,8.06679E-03,1.91575E+00,1.44051E+01,1.01301E+02
2.26500E+01,7.95968E-03,1.91561E+00,1.43687E+01,9.82012E+01
2.27000E+01,8.15200E-03,1.88212E+00,1.44054E+01,1.00016E+02
2.27500E+01,7.95291E-03,1.91101E+00,1.47564E+01,9.82691E+01
2.28000E+01,8.07616E-03,1.88335E+00,1.47383E+01,1.00293E+02
2.28500E+01,8.19907E-03,1.87459E+00,1.45023E+01,1.01639E+02
2.29000E+01,8.26262E-03,1.88851E+00,1.45593E+01,1.00212E+02
2.29500E+01,8.38222E-03,1.93666E+00,1.45873E+01,1.00395E+02
2.30000E+01,8.29349E-03,1.91902E+00,1.48670E+01,1.00084E+02
2.30500E+01,8.16018E-03,1.96560E+00,1.42862E+01,9.94671E+01
2.31000E+01,8.05872E-03,1.98029E+00,1.48241E+01,9.99399E+01
2.31500E+01,8.32895E-03,1.97812E+00,1.43368E+01,1.00990E+02
2.32000E+01,8.31606E-03,1.95721E+00,1.47617E+01,9.98988E+01
2.32500E+01,8.27249E-03,2.04254E+00,1.50848E+01,1.00815E+02
2.33000E+01,8.02140E-03,2.07004E+00,1.48508E+01,9.98833E+01
2.33500E+01,7.96345E-03,2.07116E+00,1.48977E+01,1.00503E+02
2.34000E+01,8.07301E-03,2.01604E+00,1.51750E+01,9.96003E+01
2.34500E+01,7.90090E-03,1.99391E+00,1.47868E+01,9.83883E+01
2.35000E+01,7.72603E-03,2.01198E+00,1.45205E+01,1.00244E+02
2.35500E+01,7.68352E-03,1.96540E+00,1.42831E+01,9.72579E+01
2.36000E+01,7.65522E-03,1.95746E+00,1.45299E+01,9.86711E+01
2.36500E+01,7.72894E-03,1.97647E+00,1.48151E+01,9.81605E+01
2.37000E+01,7.33050E-03,2.02798E+00,1.47035E+01,1.00228E+02
2.37500E+01,7.30477E-03,2.02833E+00,1.49219E+01,1.00631E+02
2.38000E+01,7.24264E-03,1.95401E+00,1.46558E+01,1.00460E+02
2.38500E+01,7.12246E-03,1.94770E+00,1.49174E+01,1.00574E+02
2.39000E+01,7.13261E-03,1.89353E+00,1.46959E+01,1.00161E+02
2.39500E+01,7.08849E-03,1.91777E+00,1.46916E+01,9.86747E+01
2.40000E+01,7.15078E-03,1.85979E+00,1.50078E+01,9.72432E+01
2.40500E+01,7.38502E-03,1.90701E+00,1.52198E+01,1.00523E+02
2.41000E+01,7.38219E-03,1.92847E+00,1.55259E+01,9.87662E+01
2.41500E+01,7.14861E-03,1.93975E+00,1.56012E+01,9.98665E+01
2.42000E+01,7.03285E-03,1.85818E+00,1.48076E+01,1.00225E+02
2.42500E+01,7.03605E-03,1.80925E+00,1.47849E+01,9.85116E+01
2.43000E+01,6.83111E-03,1.88840E+00,1.49427E+01,9.96553E+01
2.43500E+01,6.66254E-03,1.88300E+00,1.53789E+01,1.00116E+02
2.44000E+01,6.74406E-03,1.95844E+00,1.53363E+01,9.90563E+01
2.44500E+01,6.67780E-03,1.99698E+00,1.58530E+01,9.89259E+01
2.45000E+01,6.63562E-03,2.05882E+00,1.54225E+01,1.00066E+02
2.45500E+01,6.75820E-03,2.09246E+00,1.50940E+01,1.00763E+02
2.46000E+01,6.63877E-03,2.11645E+00,1.52359E+01,1.00490E+02
2.46500E+01,6.62386E-03,2.14840E+00,1.50553E+01,9.95836E+01
2.47000E+01,6.60888E-03,2.12431E+00,1.50293E+01,9.89709E+01
2.47500E+01,6.82955E-03,2.21152E+00,1.45548E+01,9.96672E+01
2.48000E+01,6.85364E-03,2.24599E+00,1.46492E+01,9.94950E+01
2.48500E+01,6.52041E-03,2.21310E+00,1.47751E+01,9.88638E+01
2.49000E+01,6.66215E-03,2.22218E+00,1.44479E+01,9.97354E+01
2.49500E+01,6.83493E-03,2.18270E+00,1.46286E+01,9.91235E+01
2.50000E+01,7.18336E-03,2.09701E+00,1.51243E+01,9.88577E+01
2.50500E+01,7.68548E-03,2.12389E+00,1.54680E+01,1.00082E+02
2.51000E+01,7.70650E-03,2.10921E+00,1.52614E+01,1.00174E+02
2.51500E+01,7.84985E-03,2.12520E+00,1.51761E+01,9.84231E+01
2.52000E+01,7.80048E-03,2.10721E+00,1.50847E+01,1.00877E+02
2.52500E+01,7.64465E-03,2.18942E+00,1.53704E+01,9.98993E+01
2.53000E+01,7.13736E-03,2.19889E+00,1.47684E+01,1.00526E+02
2.53500E+01,7.00841E-03,2.16806E+00,1.47681E+01,9.98644E+01
2.54000E+01,6.93122E-03,2.10505E+00,1.45756E+01,9.81563E+01
2.54500E+01,7.05120E-03,2.06017E+00,1.46505E+01,9.88843E+01
2.55000E+01,6.85576E-03,2.05537E+00,1.46519E+01,9.84757E+01
2.55500E+01,6.87757E-03,2.06037E+00,1.45695E+01,1.02359E+02
2.56000E+01,6.54769E-03,2.04766E+00,1.48071E+01,1.00047E+02
2.56500E+01,6.60946E-03,2.02595E+00,1.53059E+01,9.86278E+01
2.57000E+01,6.72671E-03,2.00352E+00,1.48932E+01,1.01850E+02
2.57500E+01,6.76659E-03,2.00057E+00,1.49141E+01,1.00403E+02
2.58000E+01,6.73753E-03,1.89396E+00,1.49100E+01,1.01133E+02
2.58500E+01,6.76070E-03,1.97348E+00,1.46078E+01,9.87977E+01
2.59000E+01,6.74220E-03,1.91980E+00,1.50461E+01,9.90784E+01
2.59500E+01,6.60284E-03,1.99908E+00,1.47175E+01,9.86712E+01
2.60000E+01,6.63776E-03,1.97116E+00,1.48192E+01,9.89479E+01
2.60500E+01,6.63758E-03,2.02045E+00,1.48662E+01,9.98613E+01
2.61000E+01,6.62028E-03,2.02217E+00,1.46913E+01,9.88960E+01
2.61500E+01,6.89205E-03,1.97741E+00,1.53668E+01,1.00908E+02
2.62000E+01,6.87404E-03,2.05276E+00,1.52224E+01,1.00783E+02
2.62500E+01,6.94725E-03,2.14604E+00,1.48834E+01,9.87887E+01
2.63000E+01,6.93359E-03,2.13932E+00,1.47301E+01,1.01016E+02
2.63500E+01,6.94114E-03,2.10131E+00,1.45761E+01,9.88663E+01
2.64000E+01,6.82036E-03,2.06308E+00,1.43673E+01,9.98573E+01
2.64500E+01,7.25054E-03,2.01790E+00,1.44846E+01,9.94395E+01
2.65000E+01,7.14172E-03,2.04755E+00,1.50180E+01,1.00903E+02
2.65500E+01,7.23335E-03,1.98128E+00,1.53929E+01,1.00700E+02
2.66000E+01,7.50340E-03,1.95140E+00,1.46251E+01,9.93148E+01
2.66500E+01,7.49326E-03,1.96019E+00,1.45234E+01,1.01014E+02
2.67000E+01,7.69405E-03,2.01748E+00,1.47596E+01,1.00820E+02
2.67500E+01,7.62398E-03,1.96636E+00,1.48500E+01,9.95886E+01
2.68000E+01,7.55220E-03,1.93066E+00,1.47330E+01,9.99386E+01
2.68500E+01,7.67141E-03,1.96454E+00,1.51875E+01,9.86089E+01
2.69000E+01,7.66732E-03,1.93859E+00,1.52729E+01,1.00857E+02
2.69500E+01,7.70573E-03,1.94480E+00,1.54417E+01,1.00474E+02
2.70000E+01,7.63219E-03,1.92437E+00,1.50946E+01,9.96677E+01
2.70500E+01,7.69081E-03,1.94079E+00,1.50738E+01,1.01107E+02
2.71000E+01,7.61313E-03,1.95464E+00,1.49258E+01,9.77380E+01
2.71500E+01,7.79384E-03,2.01355E+00,1.48140E+01,9.95041E+01
2.72000E+01,7.79846E-03,2.07954E+00,1.48391E+01,1.00680E+02
2.72500E+01,7.73394E-03,2.01967E+00,1.50427E+01,9.84144E+01
2.73000E+01,7.53601E-03,1.92916E+00,1.49669E+01,1.01180E+02
2.73500E+01,7.42831E-03,1.87857E+00,1.51337E+01,9.93734E+01
2.74000E+01,7.69682E-03,1.97287E+00,1.51592E+01,9.98117E+01
2.74500E+01,7.67833E-03,1.92000E+00,1.49196E+01,1.00548E+02
2.75000E+01,7.67706E-03,1.93492E+00,1.46298E+01,9.91621E+01
2.75500E+01,7.73721E-03,2.03587E+00,1.48133E+01,1.00440E+02
2.76000E+01,7.42845E-03,2.00818E+00,1.48010E+01,9.92064E+01
2.76500E+01,7.66465E-03,1.93417E+00,1.52546E+01,1.01118E+02
2.77000E+01,7.44867E-03,1.98217E+00,1.51154E+01,9.97475E+01
2.77500E+01,7.40957E-03,2.01789E+00,1.51607E+01,1.00123E+02
2.78000E+01,7.38642E-03,1.99306E+00,1.53072E+01,1.00160E+02
2.78500E+01,7.18622E-03,2.01684E+00,1.51465E+01,1.01030E+02
2.79000E+01,7.39724E-03,1.96298E+00,1.51217E+01,1.00205E+02
2.79500E+01,6.89721E-03,1.98975E+00,1.56023E+01,9.96983E+01
2.80000E+01,6.95727E-03,1.99019E+00,1.52750E+01,9.82463E+01
2.80500E+01,6.86896E-03,2.01325E+00,1.52470E+01,9.94773E+01
2.81000E+01,7.02324E-03,2.12455E+00,1.46668E+01,1.00095E+02
2.81500E+01,7.38324E-03,2.10507E+00,1.46928E+01,1.00065E+02
2.82000E+01,7.30467E-03,2.09339E+00,1.49006E+01,1.01260E+02
2.82500E+01,7.42562E-03,2.12101E+00,1.47745E+01,1.00315E+02
2.83000E+01,7.05575E-03,2.10568E+00,1.48573E+01,1.00402E+02
2.83500E+01,6.94230E-03,2.07860E+00,1.50776E+01,1.01308E+02
2.84000E+01,6.84004E-03,2.19778E+00,1.52822E+01,1.02062E+02
2.84500E+01,6.65829E-03,2.25982E+00,1.48765E+01,9.84273E+01
2.85000E+01,6.69247E-03,2.18740E+00,1.47615E+01,1.00249E+02
2.85500E+01,6.88892E-03,2.14254E+00,1.45104E+01,1.01570E+02
2.86000E+01,6.58952E-03,2.16164E+00,1.47209E+01,9.99256E+01
2.86500E+01,6.77884E-03,2.13949E+00,1.46128E+01,9.96749E+01
2.87000E+01,6.48405E-03,2.17131E+00,1.47261E+01,9.77979E+01
2.87500E+01,6.47547E-03,2.22060E+00,1.49827E+01,9.99724E+01
2.88000E+01,6.46932E-03,2.31591E+00,1.55123E+01,9.87320E+01
2.88500E+01,6.53754E-03,2.30951E+00,1.50069E+01,1.00080E+02
2.89000E+01,6.41562E-03,2.28073E+00,1.49480E+01,1.00211E+02
2.89500E+01,6.38874E-03,2.25483E+00,1.52782E+01,9.90248E+01
2.90000E+01,6.36773E-03,2.19332E+00,1.49999E+01,9.93769E+01
2.90500E+01,6.30546E-03,2.19448E+00,1.50669E+01,9.73025E+01
2.91000E+01,6.60411E-03,2.13340E+00,1.48391E+01,1.00746E+02
2.91500E+01,6.58089E-03,2.07792E+00,1.50274E+01,9.86252E+01
2.92000E+01,6.64851E-03,2.04687E+00,1.49024E+01,1.00179E+02
2.92500E+01,6.57894E-03,2.00810E+00,1.51952E+01,1.00440E+02
2.93000E+01,6.66343E-03,2.01972E+00,1.54841E+01,9.87317E+01
2.93500E+01,6.48201E-03,1.96555E+00,1.53544E+01,9.79873E+01
2.94000E+01,6.34995E-03,1.99845E+00,1.54199E+01,1.01089E+02
2.94500E+01,6.47558E-03,1.91358E+00,1.50464E+01,9.98688E+01
2.95000E+01,6.58315E-03,1.93206E+00,1.47291E+01,9.88457E+01
2.95500E+01,6.65353E-03,1.92095E+00,1.45499E+01,1.01389E+02
2.96000E+01,6.75200E-03,2.00402E+00,1.43735E+01,1.00539E+02
2.96500E+01,7.17815E-03,1.92352E+00,1.43932E+01,9.86867E+01
2.97000E+01,7.38884E-03,1.93879E+00,1.42435E+01,1.00557E+02
2.97500E+01,7.30108E-03,1.97782E+00,1.46356E+01,9.95047E+01
2.98000E+01,7.05135E-03,2.01859E+00,1.49470E+01,1.00672E+02
2.98500E+01,6.89156E-03,1.97831E+00,1.52825E+01,1.01327E+02
2.99000E+01,7.18415E-03,2.03538E+00,1.51299E+01,1.00189E+02
2.99500E+01,7.14294E-03,1.98594E+00,1.48649E+01,1.01327E+02
3.00000E+01,7.11298E-03,1.94757E+00,1.55323E+01,9.96610E+01
3.00500E+01,7.10789E-03,1.87688E+00,1.54137E+01,1.00677E+02
3.01000E+01,7.17325E-03,1.92558E+00,1.48555E+01,1.00696E+02
3.01500E+01,7.11233E-03,1.93107E+00,1.50825E+01,1.00181E+02
3.02000E+01,7.26788E-03,1.84414E+00,1.48271E+01,1.00330E+02
3.02500E+01,7.14818E-03,1.87381E+00,1.50695E+01,1.00429E+02
3.03000E+01,7.11527E-03,1.95574E+00,1.50265E+01,9.86601E+01
3.03500E+01,6.90663E-03,2.01466E+00,1.49971E+01,9.86582E+01
3.04000E+01,6.96630E-03,1.95718E+00,1.47436E+01,9.83932E+01
3.04500E+01,7.02720E-03,2.00037E+00,1.48879E+01,1.01071E+02
3.05000E+01,7.02525E-03,2.02452E+00,1.51641E+01,9.94297E+01
3.05500E+01,7.01044E-03,2.07451E+00,1.56765E+01,1.00500E+02
3.06000E+01,7.26470E-03,2.00134E+00,1.53194E+01,1.01203E+02
3.06500E+01,7.73330E-03,2.00076E+00,1.52596E+01,9.96797E+01
3.07000E+01,7.84744E-03,2.02673E+00,1.49353E+01,9.93379E+01
3.07500E+01,7.67061E-03,2.02466E+00,1.50284E+01,1.00738E+02
3.08000E+01,7.44913E-03,2.05450E+00,1.48052E+01,1.00317E+02
3.08500E+01,7.47868E-03,2.06638E+00,1.50481E+01,1.00547E+02
3.09000E+01,7.22722E-03,2.14569E+00,1.51022E+01,9.92518E+01
3.09500E+01,7.28582E-03,2.11790E+00,1.49062E+01,9.95448E+01
3.10000E+01,6.72675E-03,2.04274E+00,1.50150E+01,1.01388E+02
3.10500E+01,6.64694E-03,2.04810E+00,1.51877E+01,1.00161E+02
3.11000E+01,6.56952E-03,2.04573E+00,1.44978E+01,1.00100E+02
3.11500E+01,6.38076E-03,2.01479E+00,1.51381E+01,1.00962E+02
3.12000E+01,6.44106E-03,2.06338E+00,1.52333E+01,1.01044E+02
3.12500E+01,6.30002E-03,2.05307E+00,1.52437E+01,9.96113E+01
3.13000E+01,6.40774E-03,2.09869E+00,1.50663E+01,9.80650E+01
3.13500E+01,6.53086E-03,2.05283E+00,1.51031E+01,9.94352E+01
3.14000E+01,6.83207E-03,2.14827E+00,1.50407E+01,1.00604E+02
3.14500E+01,6.75730E-03,2.12747E+00,1.50765E+01,1.00457E+02
3.15000E+01,6.97953E-03,2.07731E+00,1.52435E+01,1.00919E+02
3.15500E+01,6.95240E-03,2.02188E+00,1.47358E+01,9.96679E+01
3.16000E+01,7.01440E-03,2.02796E+00,1.51208E+01,9.98937E+01
3.16500E+01,7.00851E-03,2.04316E+00,1.53868E+01,9.93558E+01
3.17000E+01,6.75207E-03,2.07372E+00,1.55882E+01,1.00689E+02
3.17500E+01,6.77998E-03,2.04606E+00,1.49409E+01,1.01460E+02
3.18000E+01,6.55769E-03,1.93999E+00,1.48205E+01,9.93518E+01
3.18500E+01,6.51991E-03,1.91278E+00,1.50367E+01,9.93756E+01
3.19000E+01,6.43139E-03,1.90699E+00,1.52105E+01,9.98995E+01
3.19500E+01,6.40658E-03,1.85645E+00,1.52153E+01,1.01031E+02
3.20000E+01,6.45168E-03,1.78766E+00,1.51798E+01,1.01592E+02
3.20500E+01,6.39555E-03,1.76510E+00,1.46567E+01,9.89880E+01
3.21000E+01,6.41074E-03,1.78559E+00,1.45518E+01,9.93935E+01
3.21500E+01,6.16146E-03,1.82173E+00,1.48474E+01,1.00682E+02
3.22000E+01,6.19371E-03,1.78372E+00,1.55841E+01,9.93411E+01
3.22500E+01,5.82773E-03,1.85391E+00,1.47873E+01,1.00355E+02
3.23000E+01,5.98753E-03,1.93527E+00,1.48500E+01,1.00237E+02
3.23500E+01,5.64075E-03,1.94978E+00,1.49653E+01,9.92836E+01
3.24000E+01,5.71404E-03,1.91993E+00,1.50659E+01,1.00951E+02
3.24500E+01,5.56124E-03,1.99126E+00,1.55494E+01,1.00089E+02
3.25000E+01,5.71945E-03,1.99431E+00,1.52347E+01,9.90304E+01
3.25500E+01,5.71014E-03,2.08927E+00,1.48532E+01,1.01675E+02
3.26000E+01,5.78020E-03,2.02370E+00,1.50019E+01,9.99120E+01
3.26500E+01,5.85361E-03,2.00240E+00,1.54794E+01,9.82076E+01
3.27000E+01,5.91339E-03,1.95095E+00,1.51889E+01,9.94400E+01
3.27500E+01,5.90667E-03,1.99819E+00,1.50105E+01,9.95133E+01
3.28000E+01,5.90610E-03,2.03327E+00,1.50514E+01,9.84862E+01
3.28500E+01,5.94729E-03,2.03279E+00,1.50556E+01,9.95341E+01
3.29000E+01,5.76979E-03,2.06684E+00,1.49334E+01,1.00108E+02
3.29500E+01,5.61670E-03,2.07693E+00,1.48775E+01,9.99319E+01
3.30000E+01,5.69270E-03,2.06470E+00,1.51384E+01,9.87229E+01
3.30500E+01,5.77054E-03,2.12294E+00,1.48323E+01,1.00891E+02
3.31000E+01,5.88705E-03,2.01780E+00,1.45843E+01,1.01087E+02
3.31500E+01,5.75421E-03,2.02966E+00,1.45386E+01,1.00770E+02
3.32000E+01,5.57191E-03,2.08726E+00,1.49088E+01,9.99670E+01
3.32500E+01,5.47105E-03,2.16028E+00,1.49959E+01,9.96248E+01
3.33000E+01,5.37276E-03,2.17589E+00,1.49419E+01,1.01156E+02
3.33500E+01,5.20667E-03,2.12437E+00,1.50184E+01,9.87997E+01
3.34000E+01,5.31923E-03,2.10161E+00,1.53525E+01,1.00012E+02
3.34500E+01,5.39382E-03,2.18518E+00,1.51206E+01,1.00679E+02
3.35000E+01,5.56716E-03,2.10589E+00,1.53163E+01,9.84979E+01
3.35500E+01,5.81538E-03,2.00989E+00,1.50904E+01,1.02371E+02
3.36000E+01,6.09678E-03,2.11826E+00,1.52001E+01,9.95131E+01
3.36500E+01,6.10632E-03,2.17541E+00,1.50806E+01,1.00417E+02
3.37000E+01,6.10112E-03,2.17179E+00,1.49529E+01,1.00660E+02
3.37500E+01,6.02625E-03,2.16117E+00,1.47097E+01,1.00360E+02
3.38000E+01,5.70142E-03,2.09048E+00,1.48010E+01,9.98183E+01
3.38500E+01,5.73901E-03,2.11100E+00,1.50511E+01,9.97744E+01
3.39000E+01,5.68185E-03,2.11235E+00,1.51669E+01,1.00547E+02
3.39500E+01,5.63916E-03,2.08106E+00,1.52124E+01,1.01648E+02
3.40000E+01,5.58637E-03,2.09056E+00,1.52782E+01,9.84745E+01
3.40500E+01,5.70072E-03,2.14662E+00,1.51296E+01,1.00393E+02
3.41000E+01,5.81385E-03,2.03294E+00,1.49648E+01,1.00048E+02
3.41500E+01,5.89703E-03,2.06453E+00,1.49972E+01,1.00307E+02
3.42000E+01,5.82223E-03,2.16957E+00,1.47663E+01,9.86758E+01
3.42500E+01,5.77090E-03,2.11082E+00,1.52311E+01,9.85821E+01
3.43000E+01,5.83940E-03,2.13120E+00,1.48040E+01,9.95950E+01
3.43500E+01,6.11222E-03,2.13210E+00,1.51423E+01,1.01899E+02
3.44000E+01,6.03649E-03,2.03494E+00,1.50036E+01,9.91180E+01
3.44500E+01,6.08448E-03,2.05584E+00,1.46212E+01,1.01322E+02
3.45000E+01,6.09189E-03,2.05909E+00,1.48286E+01,1.00089E+02
3.45500E+01,5.95537E-03,2.06151E+00,1.47911E+01,1.01218E+02
3.46000E+01,5.75920E-03,2.04315E+00,1.49989E+01,1.01492E+02
3.46500E+01,5.71730E-03,1.98940E+00,1.46452E+01,9.92216E+01
3.47000E+01,5.57869E-03,2.02611E+00,1.47401E+01,1.00093E+02
3.47500E+01,5.43147E-03,2.07131E+00,1.52824E+01,1.00155E+02
3.48000E+01,5.26496E-03,2.10261E+00,1.46299E+01,1.00226E+02
3.48500E+01,5.32654E-03,2.09026E+00,1.48579E+01,1.00532E+02
3.49000E+01,5.23280E-03,2.04574E+00,1.48444E+01,1.01888E+02
3.49500E+01,5.20902E-03,2.10974E+00,1.44683E+01,1.00134E+02
3.50000E+01,5.18955E-03,2.05664E+00,1.45051E+01,1.01063E+02
3.50500E+01,5.37242E-03,2.05370E+00,1.47810E+01,1.00172E+02
3.51000E+01,5.37226E-03,2.05690E+00,1.50429E+01,1.00238E+02
3.51500E+01,5.49856E-03,2.06640E+00,1.48510E+01,1.01741E+02
3.52000E+01,5.57094E-03,2.01573E+00,1.49410E+01,1.00950E+02
3.52500E+01,5.82354E-03,2.05003E+00,1.46714E+01,9.98459E+01
3.53000E+01,5.97106E-03,2.08174E+00,1.45664E+01,9.96504E+01
3.53500E+01,5.80834E-03,2.04470E+00,1.49683E+01,9.94022E+01
3.54000E+01,5.87589E-03,1.99557E+00,1.49234E+01,9.96730E+01
3.54500E+01,5.82594E-03,1.99529E+00,1.47214E+01,9.91704E+01
3.55000E+01,5.96044E-03,1.94598E+00,1.54896E+01,9.88243E+01
3.55500E+01,5.88316E-03,1.95413E+00,1.53297E+01,1.01088E+02
3.56000E+01,5.78803E-03,1.95312E+00,1.55332E+01,9.78196E+01
3.56500E+01,5.83990E-03,1.87360E+00,1.56625E+01,9.96379E+01
3.57000E+01,5.75624E-03,1.91292E+00,1.52535E+01,9.97791E+01
3.57500E+01,5.68433E-03,1.93786E+00,1.52625E+01,1.00942E+02
3.58000E+01,5.77290E-03,1.91344E+00,1.53245E+01,9.91069E+01
3.58500E+01,5.81539E-03,1.98210E+00,1.48328E+01,9.83409E+01
3.59000E+01,5.68046E-03,1.98204E+00,1.52747E+01,9.82683E+01
3.59500E+01,5.60574E-03,1.97817E+00,1.49426E+01,1.00206E+02
3.60000E+01,5.60491E-03,2.00053E+00,1.53778E+01,1.00697E+02
3.60500E+01,5.59478E-03,2.02864E+00,1.56491E+01,1.00354E+02
3.61000E+01,5.59112E-03,2.08126E+00,1.51621E+01,1.00351E+02
3.61500E+01,5.59527E-03,2.11990E+00,1.50123E+01,1.02003E+02
3.62000E+01,5.59053E-03,2.09915E+00,1.54353E+01,9.93754E+01
3.62500E+01,5.66427E-03,2.03231E+00,1.52803E+01,9.97972E+01
3.63000E+01,5.69187E-03,2.04297E+00,1.55136E+01,1.01169E+02
3.63500E+01,5.81108E-03,1.98641E+00,1.52957E+01,9.96702E+01
3.64000E+01,5.71039E-03,1.96415E+00,1.51515E+01,1.00327E+02
3.64500E+01,5.80859E-03,2.02512E+00,1.52876E+01,1.01572E+02
3.65000E+01,5.79564E-03,2.02656E+00,1.50901E+01,9.96684E+01
3.65500E+01,5.83949E-03,1.98888E+00,1.48204E+01,1.00650E+02
3.66000E+01,6.03765E-03,1.97194E+00,1.52396E+01,1.01533E+02
3.66500E+01,6.18384E-03,1.95027E+00,1.51060E+01,1.01657E+02
3.67000E+01,6.03462E-03,1.98491E+00,1.49360E+01,9.98113E+01
3.67500E+01,6.29819E-03,1.94536E+00,1.51187E+01,9.85893E+01
3.68000E+01,6.12483E-03,1.96506E+00,1.51076E+01,9.97646E+01
3.68500E+01,6.21933E-03,1.96974E+00,1.49200E+01,9.90809E+01
3.69000E+01,6.09848E-03,2.01122E+00,1.53248E+01,9.88219E+01
3.69500E+01,6.04124E-03,1.99120E+00,1.46738E+01,1.00318E+02
3.70000E+01,5.76111E-03,1.95171E+00,1.49024E+01,9.91478E+01
3.70500E+01,5.85475E-03,1.95467E+00,1.48143E+01,9.76504E+01
3.71000E+01,5.94560E-03,1.97920E+00,1.52802E+01,9.95772E+01
3.71500E+01,5.91781E-03,2.02319E+00,1.54881E+01,9.89660E+01
3.72000E+01,6.04106E-03,2.07118E+00,1.48062E+01,9.78248E+01
3.72500E+01,5.94024E-03,2.07448E+00,1.47145E+01,9.93416E+01
3.73000E+01,5.97285E-03,2.08426E+00,1.44676E+01,1.00524E+02
3.73500E+01,6.01685E-03,2.09813E+00,1.48002E+01,9.95726E+01
3.74000E+01,5.98502E-03,2.05704E+00,1.57982E+01,1.00563E+02
3.74500E+01,6.32975E-03,2.06000E+00,1.50174E+01,1.01898E+02
3.75000E+01,6.12225E-03,2.01009E+00,1.47690E+01,1.00527E+02
3.75500E+01,6.10489E-03,2.02091E+00,1.51664E+01,9.89582E+01
3.76000E+01,6.02930E-03,2.07772E+00,1.51914E+01,9.91299E+01
3.76500E+01,6.10200E-03,2.01272E+00,1.48290E+01,1.00557E+02
3.77000E+01,6.02033E-03,2.06017E+00,1.50695E+01,1.00704E+02
3.77500E+01,5.96905E-03,2.16169E+00,1.52249E+01,1.01298E+02
3.78000E+01,5.88452E-03,2.20149E+00,1.51383E+01,9.85135E+01
3.78500E+01,5.99548E-03,2.17436E+00,1.53048E+01,9.85054E+01
3.79000E+01,5.94620E-03,2.13769E+00,1.52529E+01,9.94545E+01
3.79500E+01,5.76015E-03,2.20095E+00,1.51146E+01,1.00136E+02
3.80000E+01,5.73281E-03,2.20340E+00,1.48945E+01,9.95156E+01
3.80500E+01,5.97708E-03,2.20167E+00,1.48868E+01,1.00183E+02
3.81000E+01,5.85706E-03,2.16540E+00,1.49868E+01,1.01169E+02
3.81500E+01,6.00175E-03,2.15565E+00,1.51611E+01,9.88838E+01
3.82000E+01,6.00063E-03,2.22943E+00,1.47934E+01,1.01123E+02
3.82500E+01,6.12469E-03,2.18147E+00,1.51894E+01,1.00983E+02
3.83000E+01,6.00248E-03,2.23125E+00,1.49424E+01,1.00631E+02
3.83500E+01,5.93341E-03,2.15917E+00,1.51954E+01,1.00629E+02
3.84000E+01,5.97589E-03,2.15722E+00,1.46763E+01,1.00020E+02
3.84500E+01,5.98729E-03,2.13325E+00,1.45277E+01,9.94009E+01
3.85000E+01,5.82150E-03,2.11581E+00,1.48084E+01,9.97965E+01
3.85500E+01,5.96906E-03,2.11521E+00,1.48965E+01,9.93924E+01
3.86000E+01,5.95850E-03,2.18041E+00,1.48369E+01,1.00667E+02
3.86500E+01,5.91387E-03,2.18993E+00,1.50473E+01,1.00049E+02
3.87000E+01,5.96672E-03,2.22377E+00,1.51778E+01,1.00001E+02
3.87500E+01,5.92282E-03,2.15497E+00,1.52079E+01,1.00117E+02
3.88000E+01,6.07694E-03,2.11772E+00,1.47034E+01,1.01430E+02
3.88500E+01,6.09070E-03,2.08593E+00,1.48527E+01,1.00818E+02
3.89000E+01,6.25333E-03,2.06721E+00,1.51414E+01,1.00459E+02
3.89500E+01,6.13823E-03,2.00965E+00,1.51385E+01,9.83253E+01
3.90000E+01,6.12549E-03,2.03584E+00,1.49130E+01,1.00920E+02
3.90500E+01,6.13086E-03,2.09514E+00,1.50914E+01,1.00883E+02
3.91000E+01,6.06070E-03,2.07070E+00,1.50029E+01,9.98336E+01
3.91500E+01,6.13324E-03,2.07985E+00,1.45295E+01,9.94923E+01
3.92000E+01,6.18397E-03,2.11858E+00,1.48058E+01,9.85318E+01
3.92500E+01,6.30461E-03,2.15551E+00,1.50660E+01,9.88927E+01
3.93000E+01,6.15364E-03,2.06474E+00,1.49710E+01,9.96217E+01
3.93500E+01,6.15483E-03,2.08085E+00,1.51397E+01,1.02332E+02
3.94000E+01,6.26924E-03,2.04377E+00,1.50840E+01,9.97637E+01
3.94500E+01,6.24122E-03,2.02351E+00,1.49208E+01,1.01638E+02
3.95000E+01,6.53098E-03,2.04681E+00,1.49373E+01,9.82027E+01
3.95500E+01,6.42793E-03,2.01314E+00,1.51010E+01,1.01122E+02
3.96000E+01,6.17738E-03,2.07378E+00,1.51658E+01,1.00026E+02
3.96500E+01,6.29788E-03,2.08407E+00,1.49587E+01,1.00464E+02
3.97000E+01,6.36282E-03,2.05654E+00,1.49456E+01,1.00782E+02
3.97500E+01,6.21838E-03,2.09163E+00,1.51629E+01,9.98190E+01
3.98000E+01,6.00611E-03,2.02879E+00,1.51225E+01,9.84693E+01
3.98500E+01,5.99534E-03,2.04216E+00,1.47291E+01,9.92518E+01
3.99000E+01,5.96941E-03,2.09326E+00,1.53852E+01,9.96768E+01
3.99500E+01,5.87402E-03,2.08765E+00,1.49172E+01,1.00052E+02
4.00000E+01,5.89090E-03,2.08777E+00,1.46495E+01,9.96021E+01
4.00500E+01,5.82136E-03,2.10561E+00,1.49714E+01,1.00416E+02
4.01000E+01,5.93646E-03,2.09728E+00,1.44120E+01,9.89361E+01
4.01500E+01,5.87295E-03,2.04169E+00,1.46779E+01,1.00137E+02
4.02000E+01,5.76789E-03,1.96463E+00,1.48380E+01,1.00547E+02
4.02500E+01,5.82058E-03,2.01359E+00,1.51810E+01,1.02136E+02
4.03000E+01,5.76232E-03,2.05115E+00,1.52548E+01,1.00979E+02
4.03500E+01,5.86330E-03,2.02200E+00,1.51698E+01,9.91620E+01
4.04000E+01,5.94194E-03,2.06820E+00,1.51438E+01,9.94816E+01
4.04500E+01,5.99009E-03,2.03898E+00,1.52464E+01,1.00577E+02
4.05000E+01,5.77898E-03,2.04236E+00,1.50211E+01,9.98059E+01
4.05500E+01,5.81804E-03,2.07888E+00,1.49836E+01,1.00383E+02
4.06000E+01,5.60890E-03,2.00604E+00,1.51149E+01,1.01266E+02
4.06500E+01,5.88106E-03,2.04974E+00,1.51948E+01,9.90076E+01
4.07000E+01,5.82905E-03,1.96114E+00,1.47873E+01,9.91626E+01
4.07500E+01,5.92895E-03,1.95793E+00,1.51105E+01,9.95074E+01
4.08000E+01,5.81488E-03,1.95939E+00,1.52774E+01,9.99163E+01
4.08500E+01,5.58364E-03,1.98213E+00,1.46908E+01,9.82466E+01
4.09000E+01,5.55126E-03,1.98722E+00,1.49277E+01,1.00123E+02
4.09500E+01,5.75910E-03,2.03174E+00,1.48111E+01,1.02102E+02
4.10000E+01,5.93848E-03,2.01724E+00,1.47124E+01,9.92985E+01
4.10500E+01,5.91291E-03,1.96020E+00,1.44789E+01,1.01112E+02
4.11000E+01,5.94908E-03,1.93548E+00,1.44107E+01,1.00132E+02
4.11500E+01,6.10369E-03,1.95181E+00,1.49093E+01,1.00641E+02
4.12000E+01,6.13877E-03,2.02580E+00,1.49598E+01,1.01085E+02
4.12500E+01,6.04794E-03,2.01439E+00,1.50704E+01,9.98734E+01
4.13000E+01,6.05898E-03,2.02756E+00,1.48747E+01,1.01013E+02
4.13500E+01,5.94186E-03,1.97850E+00,1.48030E+01,1.00429E+02
4.14000E+01,5.81470E-03,1.98748E+00,1.51592E+01,9.98067E+01
4.14500E+01,5.58626E-03,2.03519E+00,1.49645E+01,1.01084E+02
4.15000E+01,5.47089E-03,2.12768E+00,1.49993E+01,9.91116E+01
4.15500E+01,5.49403E-03,2.08386E+00,1.48144E+01,1.00290E+02
4.16000E+01,5.76931E-03,2.05059E+00,1.50897E+01,9.82957E+01
4.16500E+01,5.62426E-03,2.02778E+00,1.52856E+01,9.92332E+01
4.17000E+01,5.56476E-03,2.04127E+00,1.49696E+01,9.99084E+01
4.17500E+01,5.43090E-03,2.06135E+00,1.52664E+01,9.93299E+01
4.18000E+01,5.64222E-03,2.03306E+00,1.50196E+01,9.86852E+01
4.18500E+01,5.43882E-03,1.99730E+00,1.46631E+01,1.01404E+02
4.19000E+01,5.47445E-03,2.06756E+00,1.50682E+01,9.84073E+01
4.19500E+01,5.48850E-03,2.11504E+00,1.50069E+01,1.01391E+02
4.20000E+01,5.51519E-03,2.04170E+00,1.45968E+01,1.00164E+02
4.20500E+01,5.66181E-03,2.05451E+00,1.51919E+01,1.00477E+02
4.21000E+01,5.59976E-03,2.08367E+00,1.50657E+01,1.00150E+02
4.21500E+01,5.71276E-03,2.08894E+00,1.53852E+01,1.01752E+02
4.22000E+01,5.78490E-03,2.11286E+00,1.54780E+01,9.95112E+01
4.22500E+01,5.61292E-03,2.18260E+00,1.51315E+01,1.01432E+02
4.23000E+01,5.72719E-03,2.17311E+00,1.46882E+01,9.96365E+01
4.23500E+01,5.71396E-03,2.14586E+00,1.46169E+01,9.99466E+01
4.24000E+01,5.65101E-03,2.04373E+00,1.49048E+01,9.89459E+01
4.24500E+01,5.79700E-03,2.03448E+00,1.44687E+01,1.00826E+02
4.25000E+01,5.87127E-03,2.04999E+00,1.48019E+01,1.01615E+02
4.25500E+01,5.75026E-03,2.09459E+00,1.50221E+01,9.89499E+01
4.26000E+01,5.88093E-03,2.10643E+00,1.47758E+01,9.88553E+01
4.26500E+01,5.86897E-03,2.10233E+00,1.45954E+01,9.99072E+01
4.27000E+01,5.85019E-03,2.12135E+00,1.50786E+01,1.00350E+02
4.27500E+01,5.84482E-03,2.21303E+00,1.52005E+01,9.98374E+01
4.28000E+01,6.08189E-03,2.12890E+00,1.49410E+01,1.00868E+02
4.28500E+01,6.01545E-03,2.11699E+00,1.50224E+01,1.00973E+02
4.29000E+01,6.24403E-03,2.15182E+00,1.45930E+01,1.01020E+02
4.29500E+01,6.31000E-03,2.06420E+00,1.46321E+01,9.76985E+01
4.30000E+01,6.28374E-03,2.05926E+00,1.46440E+01,9.96291E+01
4.30500E+01,6.50374E-03,2.03819E+00,1.46594E+01,9.96648E+01
4.31000E+01,6.61984E-03,1.98840E+00,1.50830E+01,9.95450E+01
4.31500E+01,6.62844E-03,1.96381E+00,1.49964E+01,1.00005E+02
4.32000E+01,6.57706E-03,1.94446E+00,1.47441E+01,9.79633E+01
4.32500E+01,6.46041E-03,1.96440E+00,1.49286E+01,9.94041E+01
4.33000E+01,6.41942E-03,1.97777E+00,1.49163E+01,1.01763E+02
4.33500E+01,6.52846E-03,2.02414E+00,1.48508E+01,9.88559E+01
4.34000E+01,6.58024E-03,1.92665E+00,1.49080E+01,1.00273E+02
4.34500E+01,6.68411E-03,1.97012E+00,1.50163E+01,1.00766E+02
4.35000E+01,6.70898E-03,1.90041E+00,1.52349E+01,1.00099E+02
4.35500E+01,7.05905E-03,1.88481E+00,1.48427E+01,1.00473E+02
4.36000E+01,7.38367E-03,1.88074E+00,1.53084E+01,9.92925E+01
4.36500E+01,7.13864E-03,1.91952E+00,1.50277E+01,1.00934E+02
4.37000E+01,6.87723E-03,1.96043E+00,1.46689E+01,1.01270E+02
4.37500E+01,7.11510E-03,1.92315E+00,1.49130E+01,9.97018E+01
4.38000E+01,7.08461E-03,1.88844E+00,1.54374E+01,1.00443E+02
4.38500E+01,6.99785E-03,1.89425E+00,1.48765E+01,9.98947E+01
4.39000E+01,6.95791E-03,1.85786E+00,1.51708E+01,1.00171E+02
4.39500E+01,6.73086E-03,1.85966E+00,1.54553E+01,9.95595E+01
4.40000E+01,6.75237E-03,1.89521E+00,1.51912E+01,1.01076E+02
4.40500E+01,6.93336E-03,1.91117E+00,1.49277E+01,9.96069E+01
4.41000E+01,7.23364E-03,1.88530E+00,1.46585E+01,9.96327E+01
4.41500E+01,7.34243E-03,1.92488E+00,1.50577E+01,1.01068E+02
4.42000E+01,7.28672E-03,1.96292E+00,1.52697E+01,1.00096E+02
4.42500E+01,7.34263E-03,1.89950E+00,1.51695E+01,1.00409E+02
4.43000E+01,7.12882E-03,1.88738E+00,1.49190E+01,9.94150E+01
4.43500E+01,7.10886E-03,1.87970E+00,1.51063E+01,1.00471E+02
4.44000E+01,7.13651E-03,1.87489E+00,1.50212E+01,1.01112E+02
4.44500E+01,7.05268E-03,1.84959E+00,1.49142E+01,9.97509E+01
4.45000E+01,6.83631E-03,1.86313E+00,1.49207E+01,1.01388E+02
4.45500E+01,6.82466E-03,1.86178E+00,1.47669E+01,1.00819E+02
4.46000E+01,7.04527E-03,1.85613E+00,1.49712E+01,1.00587E+02
4.46500E+01,7.12558E-03,1.96634E+00,1.52254E+01,1.00867E+02
4.47000E+01,7.37151E-03,1.94549E+00,1.50749E+01,9.83950E+01
4.47500E+01,7.37554E-03,1.91303E+00,1.51564E+01,1.00048E+02
4.48000E+01,7.36991E-03,1.93627E+00,1.49241E+01,9.90703E+01
4.48500E+01,7.20548E-03,1.94485E+00,1.48526E+01,9.97294E+01
4.49000E+01,7.14250E-03,1.88750E+00,1.48033E+01,9.98004E+01
4.49500E+01,7.04063E-03,1.94453E+00,1.49122E+01,9.93192E+01
4.50000E+01,7.35370E-03,1.89983E+00,1.53024E+01,1.01901E+02
4.50500E+01,7.03944E-03,1.93577E+00,1.50464E+01,9.85725E+01
4.51000E+01,6.95219E-03,1.92248E+00,1.50553E+01,1.01194E+02
4.51500E+01,6.88373E-03,1.91202E+00,1.49264E+01,9.80645E+01
4.52000E+01,7.16695E-03,1.95430E+00,1.53562E+01,9.94328E+01
4.52500E+01,7.44022E-03,1.90068E+00,1.50834E+01,1.02557E+02
4.53000E+01,7.40312E-03,1.86710E+00,1.49899E+01,1.01242E+02
4.53500E+01,7.88566E-03,1.84857E+00,1.50124E+01,9.94425E+01
4.54000E+01,7.65788E-03,1.83571E+00,1.51799E+01,9.93360E+01
4.54500E+01,7.76009E-03,1.89578E+00,1.52590E+01,9.89597E+01
4.55000E+01,7.82717E-03,1.92695E+00,1.55065E+01,9.90193E+01
4.55500E+01,7.88222E-03,1.94742E+00,1.51673E+01,9.98100E+01
4.56000E+01,8.16237E-03,1.89138E+00,1.50202E+01,1.00883E+02
4.56500E+01,8.14628E-03,1.95439E+00,1.51495E+01,1.00314E+02
4.57000E+01,7.70597E-03,1.95805E+00,1.47125E+01,9.94333E+01
4.57500E+01,7.52642E-03,1.93392E+00,1.47185E+01,1.00085E+02
4.58000E+01,7.34521E-03,1.95686E+00,1.45483E+01,1.01678E+02
4.58500E+01,7.44418E-03,1.96561E+00,1.53091E+01,1.00127E+02
4.59000E+01,7.24567E-03,1.99024E+00,1.47754E+01,9.97094E+01
4.59500E+01,7.13309E-03,1.89915E+00,1.52634E+01,9.96308E+01
4.60000E+01,7.44271E-03,1.87801E+00,1.50872E+01,1.02106E+02
4.60500E+01,7.39011E-03,1.91128E+00,1.48487E+01,1.00606E+02
4.61000E+01,7.14791E-03,1.89151E+00,1.49877E+01,1.00739E+02
4.61500E+01,7.06434E-03,1.84498E+00,1.47209E+01,9.84516E+01
4.62000E+01,7.00465E-03,1.84987E+00,1.46670E+01,9.95979E+01
4.62500E+01,7.26329E-03,1.85749E+00,1.47545E+01,1.00231E+02
4.63000E+01,6.87997E-03,1.88320E+00,1.52699E+01,9.91731E+01
4.63500E+01,7.02333E-03,1.97122E+00,1.50351E+01,9.97230E+01
4.64000E+01,6.83989E-03,1.88352E+00,1.49650E+01,9.94921E+01
4.64500E+01,6.81773E-03,1.85886E+00,1.47752E+01,9.92558E+01
4.65000E+01,6.98266E-03,1.88211E+00,1.48607E+01,9.90827E+01
4.65500E+01,7.04949E-03,1.86526E+00,1.50146E+01,9.96104E+01
4.66000E+01,7.04483E-03,1.84801E+00,1.49911E+01,1.00975E+02
4.66500E+01,7.22798E-03,1.86565E+00,1.50301E+01,9.94729E+01
4.67000E+01,7.23358E-03,1.86078E+00,1.50508E+01,9.93442E+01
4.67500E+01,7.22680E-03,1.91687E+00,1.51394E+01,1.00563E+02
4.68000E+01,6.94739E-03,1.86450E+00,1.47406E+01,1.00081E+02
4.68500E+01,7.04823E-03,1.95014E+00,1.52643E+01,9.98224E+01
4.69000E+01,6.69637E-03,1.90693E+00,1.55229E+01,9.85556E+01
4.69500E+01,6.66962E-03,1.91241E+00,1.49778E+01,1.01288E+02
4.70000E+01,6.71721E-03,1.96274E+00,1.49878E+01,9.90180E+01
4.70500E+01,6.69515E-03,2.01662E+00,1.51352E+01,9.90688E+01
4.71000E+01,6.84661E-03,1.96765E+00,1.49932E+01,9.99798E+01
4.71500E+01,6.93462E-03,1.87121E+00,1.56163E+01,1.00635E+02
4.72000E+01,7.08542E-03,1.91684E+00,1.51051E+01,1.00884E+02
4.72500E+01,7.28226E-03,1.94606E+00,1.49799E+01,9.91186E+01
4.73000E+01,7.26472E-03,1.93123E+00,1.50543E+01,1.01084E+02
4.73500E+01,7.28036E-03,1.98421E+00,1.53737E+01,1.01230E+02
4.74000E+01,7.31942E-03,1.93510E+00,1.48492E+01,1.01051E+02
4.74500E+01,7.06951E-03,1.90717E+00,1.50270E+01,9.93482E+01
4.75000E+01,6.98308E-03,1.90253E+00,1.49287E+01,1.00639E+02
4.75500E+01,7.15603E-03,1.93788E+00,1.51371E+01,9.93214E+01
4.76000E+01,7.24688E-03,1.93095E+00,1.50885E+01,9.90165E+01
4.76500E+01,7.23617E-03,1.96267E+00,1.49666E+01,1.00477E+02
4.77000E+01,7.13388E-03,1.96148E+00,1.50250E+01,1.01774E+02
4.77500E+01,7.35673E-03,1.87887E+00,1.52628E+01,9.87322E+01
4.78000E+01,7.36601E-03,1.93890E+00,1.48229E+01,9.87432E+01
4.78500E+01,7.53171E-03,1.95027E+00,1.49245E+01,9.97955E+01
4.79000E+01,7.65849E-03,1.98028E+00,1.45647E+01,9.94530E+01
4.79500E+01,7.71008E-03,2.04226E+00,1.48227E+01,1.00936E+02
4.80000E+01,7.79339E-03,2.09961E+00,1.49916E+01,9.99994E+01
4.80500E+01,7.62744E-03,2.09400E+00,1.51329E+01,9.92857E+01
4.81000E+01,7.67699E-03,2.02053E+00,1.48914E+01,9.96554E+01
4.81500E+01,7.60601E-03,2.03249E+00,1.44689E+01,1.01014E+02
4.82000E+01,7.71771E-03,2.11877E+00,1.49765E+01,9.95559E+01
4.82500E+01,7.43367E-03,2.07068E+00,1.52449E+01,1.00018E+02
4.83000E+01,7.37344E-03,2.09067E+00,1.49506E+01,1.00345E+02
4.83500E+01,7.49895E-03,2.03817E+00,1.48656E+01,9.86848E+01
4.84000E+01,7.62163E-03,2.13643E+00,1.50759E+01,9.92689E+01
4.84500E+01,7.80356E-03,2.12313E+00,1.50693E+01,1.00217E+02
4.85000E+01,7.48576E-03,2.16591E+00,1.52747E+01,9.93492E+01
4.85500E+01,7.74243E-03,2.11559E+00,1.52663E+01,1.00301E+02
4.86000E+01,7.79371E-03,2.12522E+00,1.51636E+01,9.98707E+01
4.86500E+01,7.82948E-03,2.04032E+00,1.51861E+01,9.94338E+01
4.87000E+01,7.47602E-03,1.95305E+00,1.51852E+01,9.97264E+01
4.87500E+01,7.35702E-03,1.95839E+00,1.52127E+01,9.87842E+01
4.88000E+01,7.25727E-03,2.03759E+00,1.48157E+01,9.94822E+01
4.88500E+01,7.32955E-03,2.05417E+00,1.49537E+01,9.97696E+01
4.89000E+01,7.40386E-03,2.06945E+00,1.50880E+01,1.00754E+02
4.89500E+01,7.55953E-03,2.10194E+00,1.50103E+01,1.01570E+02
4.90000E+01,7.68986E-03,2.08066E+00,1.49892E+01,9.94705E+01
4.90500E+01,7.79718E-03,2.14066E+00,1.52896E+01,9.98739E+01
4.91000E+01,7.98621E-03,2.10566E+00,1.48434E+01,1.00090E+02
4.91500E+01,8.08084E-03,2.08331E+00,1.48557E+01,1.01376E+02
4.92000E+01,8.10572E-03,2.15450E+00,1.56121E+01,9.90684E+01
4.92500E+01,8.13451E-03,2.12682E+00,1.51487E+01,1.01045E+02
4.93000E+01,7.81454E-03,2.10256E+00,1.52801E+01,9.97850E+01
4.93500E+01,7.86164E-03,2.11418E+00,1.51004E+01,9.94810E+01
4.94000E+01,7.99048E-03,2.12126E+00,1.50738E+01,9.98120E+01
4.94500E+01,8.41278E-03,2.14852E+00,1.51045E+01,9.98654E+01
4.95000E+01,8.46686E-03,2.16504E+00,1.47168E+01,1.00788E+02
4.95500E+01,8.37180E-03,2.13231E+00,1.49157E+01,9.95772E+01
4.96000E+01,8.03297E-03,2.05563E+00,1.50724E+01,9.90880E+01
4.96500E+01,8.08715E-03,2.02929E+00,1.50293E+01,9.96467E+01
4.97000E+01,7.94836E-03,1.94362E+00,1.49157E+01,1.00467E+02
4.97500E+01,7.93590E-03,1.90976E+00,1.50942E+01,9.97603E+01
4.98000E+01,7.90218E-03,1.87576E+00,1.47172E+01,9.99650E+01
4.98500E+01,8.17835E-03,1.92174E+00,1.49111E+01,9.91973E+01
4.99000E+01,8.44945E-03,2.03000E+00,1.53375E+01,1.01243E+02
4.99500E+01,8.20318E-03,1.96764E+00,1.53694E+01,9.86272E+01
